Order_ID,Product_Category,Shipping_Mode,Order_Value,Package_Weight_Kg,Warehouse_Distance_Km,Items_in_Order,Warehouse_Processing_Hours,Courier_Load_Index,Traffic_Index,Delivery_Time_Hours
ORD-100739,Apparel,Standard,1631.87,0.809,14.0,4,1.58,4.74,7.03,16.11
ORD-100788,Books,Same_Day,464.06,1.139,5.7,2,4.92,5.03,2.22,7.17
ORD-100043,Apparel,Standard,1364.09,,436.9,3,2.0,6.61,4.32,23.63
ORD-100155,Groceries,EXPRESS,737.82,9.588,317.5,8,,4.2,3.39,13.67
ORD-100494,Books,Standard,464.82,0.689,222.6,2,7.13,5.86,4.4,22.13
ORD-100970,Apparel,Standard,,1.347,366.9,2,2.55,7.02,5.31,19.11
ORD-100270,Electronics,standard,7648.17,2.604,532.5,4,6.27,5.89,6.86,29.86
ORD-100590,Beauty,Express,1555.26,0.6,47.9,3,2.36,5.18,4.43,9.42
ORD-100123,Apparel,Standard,2033.16,0.809,495.2,11,6.28,7.12,5.0,30.85
ORD-100113,Home_Kitchen,Same_Day,4631.25,13.294,15.1,7,2.09,4.32,3.04,8.64
ORD-100930,APPAREL ,Standard,2400.19,2.52,35.7,0,6.11,5.05,3.25,16.61
ORD-100128,Electronics,Express,19954.23,4.391,8.0,3,3.74,3.91,2.0,12.52
ORD-100732,Electronics,Standard,1530.89,0.703,298.5,2,4.99,8.55,3.91,23.86
ORD-100478,Groceries,Standard,1367.45,9.62,422.6,4,2.62,5.66,4.8,19.73
ORD-100147,Home_Kitchen,Same_Day,5455.04,2.632,30.2,1,3.11,6.16,5.01,9.12
ORD-101005,Apparel,Standard,3196.5,0.879,404.8,7,1.98,6.22,4.35,21.17
ORD-101100,Electronics,Standard,3824.84,3.011,615.6,1,0.48,5.09,4.48,19.3
ORD-100174,Electronics,Standard,2856.38,2.188,23.3,7,4.85,6.03,5.29,21.13
ORD-100358,Home_Kitchen,Standard,1682.79,3.433,20.6,3,5.11,7.17,7.2,18.26
ORD-100220,Apparel,Standard,2255.92,1.91,573.2,4,3.27,8.57,9.35,26.49
ORD-101103,Books,Same_Day,245.02,1.179,23.3,2,1.55,7.57,5.68,7.19
ORD-100589,electronics,Same_Day,6282.23,0.822,19.2,1,1.19,6.53,7.0,7.87
ORD-100294,Books,Standard,292.32,0.698,420.1,2,0.34,4.39,4.86,18.45
ORD-100809,Beauty,Express,637.85,0.363,26.6,1,0.88,3.14,1.82,7.15
ORD-100297,Books,Standard,557.18,1.702,142.2,4,1.8,4.98,5.97,12.55
ORD-101019,Home_Kitchen,Standard,1275.74,3.094,425.4,1,2.67,4.76,4.05,21.59
ORD-100593,Home_Kitchen,Same_Day,7717.16,1.977,28.0,5,1.3,3.44,6.88,8.07
ORD-100787,Apparel,Same_Day,6106.36,1.573,34.1,7,3.2,8.76,7.35,9.58
ORD-100081,Apparel,Standard,2459.47,0.584,53.9,5,2.91,7.67,5.84,16.95
ORD-100233,Home_Kitchen,Standard,4183.85,4.886,574.2,5,2.59,6.44,6.17,26.25
ORD-100985,Beauty,Express,4806.14,1.179,386.7,4,2.75,3.43,3.22,16.3
ORD-100266,Apparel,Standard,2085.49,1.637,1245.0,9,3.15,5.01,7.82,38.02
ORD-100210,Groceries,Express,1096.12,6.848,468.5,4,2.94,4.35,3.93,17.8
ORD-100614,Apparel,Same_Day,2264.66,0.998,54.2,5,1.18,4.52,6.5,6.32
ORD-101122,Books,Standard,568.29,1.385,861.7,3,0.74,4.16,5.97,26.72
ORD-100962,Electronics,Standard,15864.5,4.941,443.9,6,3.3,5.61,7.37,27.73
ORD-101192,Books,Same_Day,813.6,1.533,17.5,3,3.6,6.74,4.89,8.72
ORD-100438,Groceries,Standard,857.79,1.554,3.7,2,6.03,9.99,9.06,22.23
ORD-100240,Books,Standard,1164.39,0.917,256.1,2,0.98,4.08,5.6,15.66
ORD-100350,Home_Kitchen,Standard,3904.01,20.877,801.6,9,3.7,7.14,6.42,34.99
ORD-100044,Books,Standard,1303.33,1.382,1049.6,6,1.61,5.59,4.38,27.81
ORD-100844,Electronics,Same_Day,6878.53,5.505,31.7,3,2.36,5.79,2.13,7.85
ORD-101069,Apparel,Standard,2381.41,0.399,361.3,3,8.75,7.13,5.12,25.57
ORD-100342,Books,Same_Day,199.0,0.823,23.5,2,2.44,7.23,7.29,9.8
ORD-100643,Apparel,Express,1933.36,0.732,2.3,5,1.87,3.28,8.66,10.36
ORD-100676,Beauty,Standard,853.69,0.972,817.2,4,3.27,6.53,4.84,32.17
ORD-100209,Home_Kitchen,Standard,2584.84,1.611,33.6,2,1.57,7.91,7.22,16.29
ORD-100479,Apparel,Express,1804.85,0.492,367.1,3,2.35,5.33,,16.81
ORD-100076,Apparel,Express,2110.98,1.688,15.1,9,6.67,4.68,,14.75
ORD-100864,Electronics,Same_Day,65379.99,4.223,31.4,8,5.37,4.4,4.78,13.41
ORD-100532,Apparel,Express,2478.51,1.16,271.9,2,2.48,6.86,6.23,16.71
ORD-100874,Groceries,Standard,836.51,3.131,17.0,2,4.97,6.94,5.39,18.67
ORD-100542,Books,Standard,1482.82,0.986,579.2,4,4.98,7.62,5.06,29.88
ORD-100107,Apparel,Standard,1638.21,0.292,124.2,4,4.12,2.88,5.16,17.64
ORD-100785,Apparel,standard,1118.01,0.644,1457.4,5,4.4,5.59,4.52,37.92
ORD-100323,Home_Kitchen,Standard,,10.233,22.9,5,1.06,1.99,3.52,13.83
ORD-100424,Home_Kitchen,Standard,,9.556,418.8,3,3.9,5.46,4.13,23.92
ORD-100078,Home_Kitchen,Standard,2189.99,8.195,69.3,7,8.46,6.47,6.6,24.38
ORD-101055,Groceries,Standard,1384.45,7.349,327.8,4,3.16,5.57,4.15,18.54
ORD-100296,Beauty,Standard,724.39,1.371,23.5,3,3.77,7.14,6.57,19.1
ORD-100170,Apparel,Standard,1494.67,0.648,37.0,4,1.59,6.52,4.89,15.57
ORD-100049,Electronics,Same_Day,6372.19,1.427,51.6,6,3.36,6.15,5.77,12.45
ORD-100910,Groceries,Standard,1795.64,,383.3,5,4.46,7.58,10.0,26.07
ORD-100535,APPAREL ,Standard,4267.39,1.076,255.6,4,1.59,7.37,,20.13
ORD-100596,Groceries,Standard,1011.17,3.921,1220.0,3,1.59,5.71,4.97,27.65
ORD-100575,Home_Kitchen,Standard,4290.61,7.124,1068.7,7,5.24,7.9,6.45,34.18
ORD-100735,groceries,Same_Day,3553.37,5.866,46.7,5,1.27,2.89,8.66,5.89
ORD-100925,Apparel,Express,1339.89,1.125,240.6,3,1.03,6.47,6.16,12.11
ORD-100707,Books,Standard,406.4,1.003,982.4,3,3.28,7.38,5.06,25.93
ORD-100310,Home_Kitchen,Express,1400.1,3.292,144.1,3,4.27,3.11,2.54,12.54
ORD-100615,Groceries,Standard,1061.7,1.997,1265.2,2,1.25,4.91,5.29,27.91
ORD-100070,Apparel,Standard,3163.44,1.268,794.7,5,3.72,8.03,5.7,28.79
ORD-100756,Apparel,Standard,1026.87,0.311,312.7,2,3.93,7.17,4.78,23.18
ORD-100023,Books,Standard,1658.62,4.406,1339.4,6,4.87,6.8,1.47,34.67
ORD-100109,Beauty,Express,866.13,0.503,148.8,3,2.3,6.18,3.63,13.38
ORD-101004,Groceries,Express,588.68,4.966,187.4,3,1.2,5.81,5.4,11.93
ORD-100058,Electronics,Standard,9094.42,2.635,1433.6,4,5.46,9.65,5.4,43.53
ORD-100439,Groceries,Express,896.6,3.419,25.8,3,5.96,6.88,5.88,12.14
ORD-100923,Home_Kitchen,Express,3072.62,4.497,361.7,4,3.51,3.77,4.32,16.53
ORD-100327,Home_Kitchen,Standard,1388.35,5.19,18.9,4,0.74,3.71,4.54,15.7
ORD-100427,Books,Same_Day,847.26,2.594,53.6,5,2.49,6.55,5.33,7.08
ORD-101018,electronics,Express,7874.55,4.205,124.3,4,7.14,6.96,6.78,22.7
ORD-100661,Books,Standard,743.61,0.914,166.7,3,5.57,5.8,4.0,20.65
ORD-101145,Apparel,Standard,19478.91,1.288,851.0,6,1.92,4.59,5.92,27.5
ORD-100382,Books,Standard,506.46,0.868,604.0,2,2.95,5.94,7.95,27.63
ORD-100101,Groceries,Same_Day,1794.04,4.287,54.2,5,0.68,3.54,5.12,6.39
ORD-100333,Books,Standard,443.64,1.135,312.4,2,2.04,8.0,5.64,20.09
ORD-100903,Home_Kitchen,Express,2490.87,3.432,21.3,2,4.62,5.46,6.3,13.29
ORD-100435,Apparel,Express,2700.21,0.617,257.1,2,1.4,5.4,6.46,11.29
ORD-100599,Groceries,Standard,2425.85,3.391,147.9,6,5.13,6.75,3.37,19.55
ORD-100051,Electronics,Standard,17044.72,2.386,12.4,3,3.24,4.15,6.83,88.03
ORD-100365,APPAREL ,Standard,3255.53,0.491,345.5,3,0.3,2.7,3.74,17.05
ORD-100286,Electronics,Express,1714.5,1.167,208.3,2,2.05,2.72,5.9,11.43
ORD-100198,Electronics,Standard,21907.55,2.897,1277.3,4,4.29,7.19,4.66,36.47
ORD-100667,Beauty,Same_Day,9072.75,1.575,43.8,9,5.11,6.3,4.68,13.93
ORD-100514,Apparel,Express,1745.18,0.574,6.9,3,3.64,7.86,6.56,13.03
ORD-100244,Home_Kitchen,Standard,1186.01,1.98,546.1,3,2.23,8.16,4.44,24.34
ORD-100467,Beauty,Express,3195.23,0.796,197.0,4,1.39,5.95,5.69,12.12
ORD-100493,Apparel,Standard,1230.03,0.32,173.8,2,0.69,4.03,5.72,15.43
ORD-100054,Groceries,Standard,1418.47,11.876,4.6,7,3.81,5.25,5.22,15.65
ORD-101167,Home_Kitchen,Standard,3405.22,3.262,35.0,4,3.7,8.27,5.83,20.41
ORD-100768,Electronics,Standard,7544.19,,18.5,3,1.95,2.88,3.54,15.19
ORD-100309,Electronics,Standard,12008.79,7.483,546.3,5,4.07,2.48,5.56,25.85
ORD-100056,Home_Kitchen,Standard,2090.16,2.869,50.0,2,3.81,7.62,5.38,19.56
ORD-100086,Groceries,Standard,1105.76,6.209,719.1,9,4.73,3.54,3.85,29.1
ORD-100721,Apparel,Express,706.89,0.419,39.3,2,1.97,5.04,5.59,10.94
ORD-100306,Apparel,Express,915.61,0.308,582.9,2,0.42,3.84,4.99,16.69
ORD-100736,Apparel,Standard,328.93,,533.9,1,5.59,7.69,5.57,27.21
ORD-101177,Apparel,Standard,3130.14,1.808,237.7,8,6.32,4.9,8.95,25.06
ORD-100712,Books,Standard,601.54,0.837,310.1,3,1.62,4.83,99.0,17.81
ORD-100582,Electronics,Same_Day,5317.08,2.458,53.5,1,6.77,7.52,7.71,16.85
ORD-101022,Beauty,Standard,1344.57,0.687,437.7,6,2.26,6.64,4.93,20.27
ORD-100935,Apparel,Standard,1038.76,1.19,442.4,3,3.28,7.68,5.92,23.57
ORD-101036,Apparel,Standard,1256.37,0.273,170.8,1,2.05,4.87,4.52,14.61
ORD-100538,Electronics,Express,7990.01,3.252,22.2,3,1.75,5.63,6.03,12.75
ORD-100558,Home_Kitchen,Standard,3508.82,12.246,406.0,10,3.4,7.8,5.7,27.75
ORD-100650,Apparel,Standard,1253.45,0.957,19.4,5,6.39,8.74,5.34,19.27
ORD-100298,Groceries,Standard,6154.14,17.66,96.7,12,6.71,7.67,3.46,21.64
ORD-100634,Electronics,standard,8304.03,2.636,134.4,3,3.31,5.92,6.91,18.46
ORD-100415,Apparel,Standard,1730.37,1.193,284.0,8,4.43,5.65,5.65,20.68
ORD-100410,Groceries,Express,605.06,3.051,32.2,4,4.77,6.86,6.1,12.41
ORD-100049,Electronics,Same_Day,6372.19,1.427,51.6,6,3.36,6.15,5.77,12.45
ORD-100731,Electronics,Standard,7737.99,1.172,122.6,1,4.14,8.48,6.52,23.05
ORD-100566,Groceries,Same_Day,1507.03,7.126,35.1,6,5.69,5.11,3.54,8.18
ORD-100411,Groceries,Express,1299.06,2.879,139.0,5,2.05,5.3,5.65,8.29
ORD-100911,Books,Express,310.33,0.629,55.0,2,2.1,6.47,8.21,11.64
ORD-101165,Books,Same_Day,504.93,0.525,3.3,2,4.4,5.8,4.29,8.76
ORD-100371,Apparel,Standard,1971.81,0.725,792.5,6,4.22,8.66,6.41,29.05
ORD-100816,Books,Express,495.17,1.474,45.3,3,1.7,7.16,8.49,11.73
ORD-100693,Apparel,Standard,3254.26,2.147,1207.3,4,1.74,6.15,7.68,31.91
ORD-100598,Beauty,Same_Day,2661.77,0.187,18.1,2,4.4,7.0,3.01,9.65
ORD-100920,Electronics,Express,53789.69,18.337,611.1,4,1.76,4.44,3.56,21.22
ORD-100755,Apparel,Same_Day,1269.68,0.608,29.6,2,0.8,3.66,4.19,5.32
ORD-100344,Books,Standard,370.55,1.812,16.0,4,4.19,6.71,3.64,16.59
ORD-100247,Apparel,Standard,3234.07,0.672,159.8,3,4.11,3.84,5.61,18.45
ORD-100361,Electronics,Standard,23040.63,2.996,9.5,2,4.29,9.92,6.65,21.99
ORD-101128,Groceries,Express,844.53,8.069,13.7,2,3.07,5.1,4.01,7.82
ORD-100808,Home_Kitchen,Express,6219.06,10.738,11.1,3,3.84,5.31,4.77,12.66
ORD-100451,Books,Standard,346.76,0.993,50.2,1,5.23,5.56,4.01,17.56
ORD-100275,Apparel,Standard,3588.13,1.147,44.9,9,2.01,3.31,3.3,13.54
ORD-100714,Books,Standard,946.04,1.446,1333.7,7,3.89,6.2,6.92,36.32
ORD-101180,Groceries,Standard,1282.5,7.429,425.6,6,4.27,7.07,7.15,24.22
ORD-100192,Electronics,Standard,2806.76,2.529,440.7,2,0.51,2.93,4.15,18.41
ORD-100168,Apparel,Express,1600.48,1.345,35.9,5,4.7,4.16,5.05,11.88
ORD-100196,Home_Kitchen,Express,2537.42,7.112,300.0,3,1.88,6.82,4.96,15.4
ORD-100265,Electronics,Standard,2570.72,1.38,409.2,1,3.15,2.12,1.87,20.83
ORD-101045,Apparel,Standard,2476.72,0.505,1498.9,2,2.97,5.01,1.59,33.86
ORD-100738,Apparel,Standard,1540.24,-1.5,363.9,3,9.34,8.35,7.94,31.95
ORD-100940,Apparel,standard,1833.35,0.685,25.1,3,3.38,6.48,6.45,17.83
ORD-100583,Apparel,Standard,2828.43,0.821,1188.7,4,2.47,4.15,5.44,32.37
ORD-100886,Apparel,Standard,2140.62,1.264,11.5,4,2.4,2.96,6.77,15.09
ORD-100628, Home_Kitchen,Standard,1993.25,2.061,543.8,5,4.48,7.21,6.43,28.71
ORD-100715,electronics,Standard,36131.46,6.007,659.0,8,5.76,6.77,4.76,31.51
ORD-100745,Home_Kitchen,Standard,2393.2,7.11,79.3,4,3.1,9.64,6.13,22.13
ORD-100717,Electronics,Express,27708.16,4.02,447.4,4,3.53,4.8,5.92,22.1
ORD-101026,Beauty,Standard,1004.77,0.452,176.0,2,0.8,4.94,1.0,11.45
ORD-100875,Books,Standard,609.56,2.043,30.8,8,5.0,6.18,4.41,18.4
ORD-100433,Books,Standard,1186.13,1.536,2.5,4,3.25,5.77,5.42,14.78
ORD-100765,Electronics,Express,26117.34,1.257,327.5,2,1.46,6.86,6.49,16.6
ORD-101014,Apparel,Express,1046.23,1.057,47.3,6,3.41,5.03,2.04,9.5
ORD-101061,Home_Kitchen,Standard,6814.92,2.308,1258.5,4,4.38,5.98,4.55,37.73
ORD-100135,Electronics,Standard,24347.83,7.008,1289.8,3,2.6,8.32,6.27,39.28
ORD-100617,Apparel,Standard,444.15,1.219,111.6,4,2.57,4.23,4.48,14.86
ORD-100881, Home_Kitchen,Standard,999.43,2.164,377.5,2,2.29,4.86,7.61,21.21
ORD-100332,Groceries,Express,4351.92,11.595,373.6,4,1.76,4.28,7.43,14.99
ORD-100277,Home_Kitchen,Standard,3871.54,2.503,44.3,3,2.64,7.11,5.42,17.42
ORD-100158,Groceries,Standard,520.65,2.269,21.3,2,2.86,5.34,6.34,14.8
ORD-100140,Home_Kitchen,Express,1988.24,10.895,305.4,7,6.49,5.12,4.4,21.01
ORD-100907,Electronics,standard,2657.84,1.079,501.0,1,4.79,5.93,4.59,28.17
ORD-100724,Electronics,Standard,11786.66,6.672,1338.3,3,4.38,5.4,5.23,41.05
ORD-100319,Beauty,Same_Day,1270.21,0.499,43.5,3,3.22,5.16,3.82,8.77
ORD-101178,Apparel,Standard,883.14,0.39,138.1,1,0.43,3.28,5.28,11.29
ORD-101156,Electronics,Express,13419.23,23.236,418.1,3,5.13,6.05,3.91,22.18
ORD-101070,Books,Standard,530.28,1.481,9.7,3,3.67,6.3,6.72,17.59
ORD-100867,Books,Standard,598.58,1.421,271.4,3,3.08,6.33,8.08,23.35
ORD-100482,Home_Kitchen,Standard,1267.77,0.642,179.7,2,1.39,4.31,3.64,14.73
ORD-100865,Beauty,Standard,6658.87,0.731,1001.4,5,2.63,6.28,3.63,30.1
ORD-100184,Groceries,Standard,1009.37,5.935,487.1,3,3.89,10.0,6.27,26.19
ORD-100425,Books,Same_Day,1213.38,1.334,46.3,2,4.02,3.13,3.84,8.39
ORD-101161,Groceries,Standard,3501.07,5.928,54.6,5,3.2,7.74,2.24,15.78
ORD-100259,Home_Kitchen,Express,4726.37,6.756,282.9,2,0.65,4.57,5.74,77.41
ORD-100811,Electronics,Standard,15830.74,2.313,256.1,3,6.24,8.71,7.34,27.17
ORD-100163,Electronics,Same_Day,2424.05,1.994,42.4,2,1.15,6.25,10.0,9.73
ORD-100420,Groceries,Express,847.77,3.602,101.9,3,4.39,7.13,5.66,12.76
ORD-101182,Electronics,Express,26114.11,2.466,353.9,0,2.24,5.52,5.94,16.56
ORD-100156,Apparel,Standard,5075.89,1.499,68.3,5,5.86,7.71,5.29,23.05
ORD-100711,Groceries,Same_Day,855.55,6.821,27.2,5,4.94,3.21,8.66,11.23
ORD-100422,electronics,Express,2757.57,0.796,21.4,1,1.09,5.25,6.12,13.32
ORD-100845,Books,Standard,1201.79,1.413,1126.0,3,3.58,6.3,7.46,32.86
ORD-100199,Apparel,Standard,738.18,0.506,340.5,3,3.3,5.59,2.99,18.45
ORD-100961,Apparel,Express,2386.63,0.737,53.0,6,2.3,5.74,4.84,12.42
ORD-100462,Beauty,Express,1518.61,0.512,163.7,7,4.85,9.33,4.88,13.21
ORD-100850,Electronics,Standard,7435.6,6.418,229.1,2,1.4,5.34,4.71,20.19
ORD-100713,Beauty,Same_Day,707.46,0.295,27.9,2,7.3,7.03,6.46,12.92
ORD-100834,Groceries,Standard,276.21,0.499,34.4,3,4.77,8.66,6.71,16.58
ORD-100208,Electronics,Express,3133.98,1.064,14.6,1,1.36,2.54,5.57,8.32
ORD-100605,Books,Standard,206.03,0.322,800.9,1,3.85,8.54,4.28,29.82
ORD-100941,Books,Standard,1773.2,1.566,15.3,5,3.81,5.87,1.85,15.3
ORD-100618,Electronics,Standard,4641.58,6.056,669.7,3,1.95,5.4,2.61,25.24
ORD-100289,Electronics,Standard,15301.54,2.637,404.0,3,2.45,5.56,7.92,24.5
ORD-100997,Electronics,Standard,5357.95,4.149,6.0,2,2.42,5.6,,15.59
ORD-100983,Home_Kitchen,Express,3456.89,3.089,309.7,2,1.57,5.84,8.36,16.36
ORD-101083,Books,Standard,1508.44,1.932,47.4,7,2.25,4.13,5.33,15.29
ORD-100536,Home_Kitchen,Standard,827.12,8.415,453.8,5,5.08,5.86,5.72,28.07
ORD-100578,Books,Standard,1125.58,1.381,1135.4,3,1.47,1.63,2.85,26.15
ORD-100096,Apparel,Express,1553.99,1.773,38.5,5,1.8,4.74,4.9,10.15
ORD-101041,Groceries,Express,788.55,4.106,174.1,3,1.74,3.93,2.93,9.06
ORD-100841,Books,Standard,734.96,1.217,402.5,3,3.47,6.45,4.86,22.3
ORD-100178,Books,Express,290.78,0.856,30.9,4,7.36,6.36,4.35,15.53
ORD-100031,Beauty,Same_Day,779.11,1.064,17.8,5,3.07,6.73,5.51,8.15
ORD-100231,Apparel,Express,2378.73,0.794,135.1,5,1.93,5.54,6.17,12.61
ORD-100934,Groceries,Standard,884.48,3.415,35.2,3,2.61,4.73,2.78,12.56
ORD-100665,Groceries,Standard,2063.03,7.552,146.2,4,,8.39,6.96,22.16
ORD-100760,Groceries,Standard,1049.13,2.504,846.0,2,2.89,7.1,5.64,25.49
ORD-101134,Beauty,Standard,749.28,0.777,8.7,3,4.43,9.69,9.75,21.96
ORD-100331,Apparel,Express,1515.79,0.398,424.9,2,1.28,5.85,5.56,13.05
ORD-100218,Beauty,Standard,2509.59,0.263,187.3,3,4.36,5.42,5.42,18.19
ORD-100914,Beauty,Express,1778.52,0.903,15.4,5,1.34,6.11,5.42,9.24
ORD-100088,Electronics,Express,2117.53,2.975,252.6,3,7.13,6.91,6.83,19.83
ORD-100622,Beauty,Standard,1719.26,0.218,1154.3,3,3.22,4.94,6.4,34.27
ORD-101039,Electronics,Express,10455.98,2.834,208.6,3,4.82,7.59,7.66,19.05
ORD-100363,Electronics,Standard,17412.92,1.563,561.6,3,2.54,8.31,6.96,26.79
ORD-100872,Beauty,Express,2669.05,0.805,17.8,6,3.61,6.18,4.01,12.52
ORD-101053,Electronics,standard,21163.16,7.075,43.6,5,1.0,1.49,5.23,12.17
ORD-100323,Home_Kitchen,Standard,,10.233,22.9,5,1.06,1.99,3.52,13.83
ORD-100708,Apparel,Standard,4633.25,0.22,832.6,3,3.52,9.81,3.85,30.1
ORD-100793,Electronics,Express,8504.26,5.137,42.4,12,4.03,5.56,6.19,16.39
ORD-100588,Electronics,Standard,11944.39,2.621,1072.6,6,3.84,4.49,5.12,36.8
ORD-100243,Home_Kitchen,Standard,7228.59,18.608,52.3,11,4.36,7.52,5.8,23.91
ORD-100461,Electronics,Express,9747.87,4.262,23.1,3,0.86,4.22,3.15,9.37
ORD-100355,Home_Kitchen,Same_Day,5682.34,4.533,41.7,4,4.85,9.46,4.96,13.93
ORD-100362,Electronics,Standard,12429.08,1.954,53.0,5,3.53,3.95,3.74,18.25
ORD-100982,Groceries,Same_Day,305.6,4.027,7.5,2,3.09,7.58,9.0,9.09
ORD-100533,Groceries,Standard,2252.3,18.071,1379.9,5,2.38,6.19,5.58,36.38
ORD-100010,Apparel,Standard,2864.52,1.345,21.2,4,2.86,5.2,3.87,15.21
ORD-100584,Beauty,Standard,695.68,0.721,323.7,6,5.48,6.85,6.87,26.76
ORD-100706,Books,Express,1806.22,1.736,4.5,7,4.35,7.05,1.33,11.02
ORD-100240,Books,Standard,1164.39,0.917,256.1,2,0.98,4.08,5.6,15.66
ORD-100059,Electronics,Standard,7992.16,19.791,846.6,7,3.15,4.33,4.17,26.37
ORD-100839,Home_Kitchen,EXPRESS,11828.41,0.866,135.8,8,2.56,5.54,5.37,15.29
ORD-100063,Groceries,Express,1744.94,5.168,7.7,9,3.05,4.83,6.19,11.41
ORD-100723,Beauty,Same_Day,1739.95,0.997,10.5,7,3.44,6.24,3.89,8.7
ORD-100710,Beauty,Standard,1810.35,0.183,75.4,1,2.0,4.42,10.0,19.54
ORD-100720,Home_Kitchen,EXPRESS,1724.25,2.235,47.9,3,1.58,7.35,5.73,10.91
ORD-100352,Home_Kitchen,Express,12784.63,7.763,20.3,7,4.0,7.41,7.99,17.34
ORD-100677,Home_Kitchen,Express,3215.01,3.568,73.6,4,2.29,5.68,2.66,10.66
ORD-100506,Apparel,Standard,6234.65,0.818,240.3,3,0.75,5.4,,16.08
ORD-101077,Home_Kitchen,Same_Day,1975.44,2.255,12.6,1,4.22,7.93,7.03,11.56
ORD-100409,Beauty,Standard,3094.5,0.819,399.8,10,5.75,7.16,5.52,24.89
ORD-100876,Apparel,EXPRESS,2460.34,0.667,29.9,2,3.86,5.5,6.03,12.94
ORD-101183,Electronics,Standard,16435.36,2.301,419.6,4,5.83,2.96,99.0,29.33
ORD-100671,Home_Kitchen,Standard,1802.15,1.682,875.4,3,2.94,5.96,4.59,25.89
ORD-101149,Books,Express,299.1,1.221,263.2,2,3.77,5.81,4.91,15.25
ORD-100770,Apparel,Express,2124.76,0.184,2.2,1,2.11,7.38,4.92,8.72
ORD-101137,Apparel,Standard,3088.53,1.688,770.2,7,,4.48,3.53,29.91
ORD-100290,Books,Standard,337.88,1.118,1372.3,3,4.11,10.0,7.15,41.92
ORD-100447,Home_Kitchen,Standard,4564.56,7.236,1306.2,3,1.26,7.26,5.87,32.49
ORD-100465,Groceries,EXPRESS,1357.06,3.622,49.7,6,4.06,8.95,4.52,12.24
ORD-100380,Home_Kitchen,Express,4667.6,2.504,28.6,5,2.57,3.38,5.59,13.43
ORD-100376,Beauty,Standard,5257.0,2.577,77.2,6,2.52,7.22,6.04,16.73
ORD-100321,Home_Kitchen,Standard,12440.92,16.893,41.9,4,4.04,6.23,1.93,15.06
ORD-100083,Electronics,Standard,50764.3,5.845,783.2,4,1.46,4.79,6.21,30.19
ORD-100129,Home_Kitchen,Express,10777.11,8.24,144.1,7,3.87,5.6,5.3,15.38
ORD-100848,Electronics,Standard,5691.49,0.668,926.0,3,1.67,7.67,4.01,30.11
ORD-100631,Books,Express,330.97,1.247,25.7,2,0.36,3.83,2.37,4.72
ORD-100922,Home_Kitchen,Standard,2369.1,4.437,33.3,5,4.81,6.33,6.82,116.19
ORD-100453,Electronics,Standard,30802.37,23.781,531.1,3,2.15,3.55,6.91,24.89
ORD-100260,Electronics,Standard,5196.75,1.131,351.8,2,2.26,1.88,4.63,18.6
ORD-100548,Groceries,Standard,2265.87,8.422,219.9,6,3.8,7.21,4.33,19.62
ORD-100560,Electronics,Standard,12987.59,2.022,388.8,5,3.49,5.54,2.98,21.79
ORD-100900,Home_Kitchen,Standard,9506.61,19.696,7.1,6,1.25,4.67,4.37,17.39
ORD-100964,Beauty,Standard,1378.23,0.347,238.1,2,3.44,6.16,6.36,20.01
ORD-100138,Books,Standard,1223.14,1.64,394.3,7,5.83,9.12,10.0,29.99
ORD-100947,Books,Express,655.52,2.82,18.2,6,0.87,2.98,4.38,9.6
ORD-100141,Home_Kitchen,Standard,3909.02,2.066,43.7,2,3.61,6.75,7.11,17.79
ORD-100944,Home_Kitchen,Standard,3352.09,10.587,171.8,6,1.35,4.49,6.71,18.64
ORD-100405,Books,Same_Day,437.95,1.185,3.7,4,1.95,5.31,5.63,7.41
ORD-101048,Books,Express,1533.2,1.602,40.4,5,4.06,7.45,6.52,16.5
ORD-100139,Electronics,Express,30488.46,14.05,97.5,6,1.45,2.82,3.08,12.46
ORD-100377,Apparel,Standard,4442.1,1.863,25.8,7,11.64,4.63,4.85,24.74
ORD-100859,Home_Kitchen,Express,2944.61,6.833,28.3,3,2.03,5.82,4.73,9.86
ORD-100224,Apparel,standard,1814.93,0.883,1091.3,6,7.12,5.35,4.48,35.68
ORD-100471,Home_Kitchen,Same_Day,3148.16,1.669,21.3,3,6.58,4.95,5.75,12.1
ORD-100274,Groceries,Express,1747.07,6.997,33.6,3,2.57,5.75,4.4,11.05
ORD-100292,Beauty,Standard,1414.49,2.511,751.2,10,4.52,1.09,2.6,26.37
ORD-100567,Electronics,Standard,5579.25,0.923,18.7,1,0.4,3.28,3.25,14.07
ORD-100591,Home_Kitchen,Standard,2699.43,12.454,131.3,3,3.14,8.13,6.24,19.89
ORD-100381,Beauty,Standard,462.02,0.742,492.4,1,4.61,5.86,4.97,24.01
ORD-101114,Beauty,Standard,,0.322,1255.2,3,1.94,4.22,4.33,33.97
ORD-100636,Groceries,Standard,715.42,14.066,862.8,3,0.8,3.98,5.18,25.4
ORD-100973,Beauty,Express,3507.72,0.48,644.2,4,3.61,6.59,1.36,19.94
ORD-100771,Home_Kitchen,Same_Day,1318.61,1.054,46.3,1,3.84,7.34,8.25,12.83
ORD-100802,Books,Express,1572.54,1.388,213.3,3,2.11,7.41,5.21,13.45
ORD-100594,Electronics,standard,12084.08,2.044,903.6,3,1.69,6.79,5.99,29.93
ORD-100308,Apparel,Standard,833.22,1.147,771.7,2,1.39,5.92,4.58,25.58
ORD-100481,Apparel,Express,451.43,0.369,414.5,2,5.55,5.16,2.73,16.84
ORD-100609,Home_Kitchen,Same_Day,2647.08,0.679,24.6,1,9.73,5.18,2.24,15.48
ORD-100858,Apparel,Standard,5076.64,0.328,294.9,3,1.5,3.43,5.6,18.63
ORD-100654,Books,Express,631.46,1.205,246.8,3,4.41,4.06,1.0,11.19
ORD-100861,Groceries,Standard,1850.33,8.178,1059.2,9,5.29,7.42,4.3,35.88
ORD-100561,Apparel,Express,1819.22,1.137,24.3,6,3.21,7.57,3.74,10.8
ORD-100039,groceries,Standard,3363.53,4.423,177.8,6,1.3,3.72,4.6,12.64
ORD-100030,Groceries,Standard,1348.56,3.344,4.7,3,2.69,3.63,5.42,13.34
ORD-100242,Apparel,Same_Day,2033.25,0.471,53.0,5,4.56,7.32,4.57,10.58
ORD-100534,Electronics,Standard,21248.51,2.365,40.6,6,7.66,6.89,4.14,23.11
ORD-100136,Beauty,Standard,1762.13,1.432,922.6,6,1.55,5.3,7.03,32.86
ORD-101002,Electronics,Express,34838.22,5.502,40.1,6,1.73,1.96,4.89,12.68
ORD-100432,Groceries,Standard,1182.09,2.901,248.0,1,4.69,8.96,8.11,23.75
ORD-100003,Groceries,Standard,869.35,4.094,362.2,2,2.32,8.31,7.5,18.7
ORD-100490,Groceries,Express,3876.63,11.998,50.6,6,3.8,4.09,4.96,11.53
ORD-100621, Home_Kitchen,Standard,9687.81,10.9,29.6,3,2.19,4.68,8.66,18.83
ORD-101047,Groceries,Standard,1973.92,6.476,33.6,7,4.52,4.6,6.49,20.11
ORD-100413,Books,Express,379.3,0.52,33.6,2,3.91,5.86,4.58,12.08
ORD-101176,Home_Kitchen,Standard,12703.35,15.345,378.5,4,1.85,4.69,4.94,21.74
ORD-100761,Electronics,standard,11514.07,2.688,1462.6,4,1.32,3.85,5.3,38.93
ORD-100485,Apparel,Express,924.46,0.412,35.7,2,2.22,4.39,3.64,7.74
ORD-100314,Apparel,Standard,1041.18,0.425,748.9,2,,4.23,1.99,27.97
ORD-100527,Beauty,Standard,3789.32,1.195,1010.0,6,9.78,3.34,4.75,36.5
ORD-100394,Electronics,Standard,4946.39,3.603,10.9,5,1.55,5.15,8.69,18.23
ORD-101065,Beauty,Standard,2328.85,0.672,191.3,2,2.78,4.86,3.88,16.81
ORD-100005,Beauty,Standard,1072.45,0.304,3.2,2,3.64,7.55,3.79,14.91
ORD-100100,Beauty,Standard,1080.1,0.404,573.2,4,7.23,7.13,4.83,28.4
ORD-100657,Apparel,Express,4413.48,1.031,786.2,6,3.17,7.36,3.84,23.9
ORD-100523,Home_Kitchen,Express,1045.99,5.163,13.8,2,2.55,2.38,3.44,8.53
ORD-100497,Groceries,Standard,2713.62,9.687,367.2,6,2.54,5.59,,22.02
ORD-100829,Apparel,Standard,5235.63,0.716,37.2,2,5.41,7.83,7.29,23.66
ORD-100328,Groceries,Express,1064.04,2.714,146.9,4,2.18,5.89,5.31,12.02
ORD-100430,Beauty,Standard,1667.5,0.745,1051.4,4,3.38,9.25,7.68,33.99
ORD-100974,Apparel,Express,,3.675,259.0,9,5.62,3.24,2.46,17.36
ORD-100227, Home_Kitchen,Same_Day,13910.3,3.351,9.2,6,1.29,4.95,2.14,9.58
ORD-100660,Apparel,Same_Day,480.92,0.214,44.0,1,1.38,7.76,4.33,6.36
ORD-100541,Home_Kitchen,Same_Day,1314.21,10.932,28.4,4,1.37,3.97,3.75,6.34
ORD-100752,Apparel,Standard,1994.09,1.545,37.9,3,1.1,5.4,3.36,13.16
ORD-101003,electronics,Standard,7965.96,12.072,114.1,3,2.41,4.66,4.26,18.92
ORD-100066,Home_Kitchen,Express,7839.65,3.785,22.8,4,3.0,5.94,2.57,9.11
ORD-100067,Apparel,Standard,678.29,0.161,30.5,1,1.05,7.78,5.71,12.06
ORD-101089,Home_Kitchen,Express,3299.53,4.345,572.3,4,1.81,6.8,3.67,21.63
ORD-100211,Home_Kitchen,Standard,3470.35,5.46,52.8,4,3.81,10.0,5.37,18.07
ORD-100012,Groceries,Standard,1868.0,3.383,2.1,5,1.88,2.24,5.59,14.53
ORD-100522,Electronics,Express,4346.93,6.427,13.8,4,4.18,1.15,4.06,12.97
ORD-100666,Books,Standard,243.42,1.75,415.6,3,0.46,1.0,7.53,17.74
ORD-100299,Groceries,Standard,592.14,1.223,785.0,1,2.86,7.72,6.33,25.12
ORD-100442,Groceries,Express,1099.74,3.978,17.9,3,4.61,7.66,5.98,12.22
ORD-100777,Electronics,standard,8060.62,2.403,775.5,1,1.28,6.85,4.43,25.37
ORD-101088,Home_Kitchen,Express,6169.67,2.746,249.7,3,4.28,5.34,4.73,15.65
ORD-100549,Apparel,Standard,3525.03,1.045,373.9,5,5.25,3.65,4.32,23.09
ORD-100986,Apparel,Express,907.08,0.729,35.9,5,1.17,4.6,3.58,8.48
ORD-101151,Books,Standard,1010.98,3.854,659.2,7,7.89,6.16,8.82,29.97
ORD-100367,Groceries,Express,2435.29,6.4,25.2,5,3.76,4.51,,11.01
ORD-100737,Apparel,Standard,2838.09,0.468,61.8,3,5.09,4.71,6.45,20.2
ORD-100630,Beauty,Standard,1866.12,0.6,583.9,4,5.27,4.84,6.76,27.98
ORD-101133,Groceries,Express,815.85,4.256,151.9,3,0.3,1.02,3.95,6.51
ORD-100585,Groceries,Same_Day,734.56,6.721,26.5,6,3.82,9.62,5.96,13.15
ORD-101093,Apparel,Standard,,0.994,270.6,4,3.63,7.29,8.34,25.71
ORD-100273,Home_Kitchen,Express,3152.54,0.516,186.2,2,1.1,5.69,4.29,12.64
ORD-100551,Electronics,Standard,10473.3,3.41,1354.0,5,3.9,3.7,2.72,36.61
ORD-100237,Books,Express,473.88,1.49,50.2,2,3.78,8.1,8.71,12.64
ORD-100999,Apparel,Standard,1085.06,0.412,68.2,2,4.38,8.79,8.09,19.32
ORD-100002,Books,Standard,351.14,1.059,870.1,4,6.48,8.92,,34.0
ORD-100006,Groceries,Standard,497.01,3.622,680.9,3,7.75,6.54,4.9,28.74
ORD-100311,Apparel,Standard,2322.18,0.523,107.3,2,0.53,2.79,5.4,13.11
ORD-101042,Groceries,Standard,423.81,1.278,14.4,2,2.98,5.07,4.2,11.91
ORD-100597,Groceries,Same Day,1722.6,14.661,10.6,5,6.79,6.84,7.17,12.06
ORD-101164,Electronics,Express,11802.19,4.248,33.3,3,5.69,3.7,4.84,13.39
ORD-100629,Books,Standard,1488.57,1.403,421.3,4,2.2,6.84,5.06,23.01
ORD-100215,Groceries,Standard,3093.91,5.764,34.7,7,3.19,4.07,5.46,16.71
ORD-100398,Home_Kitchen,Express,1119.25,5.524,112.9,3,1.35,6.34,1.0,11.64
ORD-100027,Electronics,Standard,7249.73,1.356,1020.2,2,2.34,7.26,,33.05
ORD-101171,Groceries,Same_Day,1437.49,17.061,32.5,5,2.33,5.03,3.75,4.96
ORD-100390,Groceries,Standard,432.79,15.37,933.3,2,5.35,6.02,8.93,32.33
ORD-101046,Electronics,Standard,5738.47,1.329,1410.1,5,1.57,5.72,5.1,37.86
ORD-100801,APPAREL ,Standard,1332.62,0.647,222.2,2,3.21,5.3,5.45,18.73
ORD-101034,Apparel,Express,3835.89,5.142,718.1,8,5.68,6.16,7.41,25.37
ORD-100486,Home_Kitchen,Standard,2506.57,17.819,54.7,3,4.32,6.22,,22.32
ORD-100754,Groceries,Standard,1081.54,5.629,30.1,2,2.24,3.43,4.98,13.27
ORD-100552,Electronics,Standard,13798.22,2.26,284.3,5,5.47,6.44,6.32,27.58
ORD-100354,Home_Kitchen,Standard,2528.92,1.997,26.9,3,4.7,7.18,3.77,19.33
ORD-101063,Groceries,Standard,2867.95,5.074,185.2,2,1.37,3.85,3.94,14.16
ORD-100429,Books,Same_Day,199.0,2.099,48.3,3,4.68,6.61,3.58,10.49
ORD-100256,Books,Standard,531.86,1.408,1203.5,2,1.95,6.5,7.39,36.31
ORD-100291,Electronics,Standard,14667.59,4.987,376.1,4,,4.85,1.73,20.2
ORD-100025,electronics,Same_Day,11815.24,1.97,37.0,1,4.97,6.9,5.86,11.18
ORD-100336,Electronics,Standard,14240.19,3.211,429.2,4,1.96,6.75,1.5,20.84
ORD-100716,Home_Kitchen,Express,4826.59,2.751,31.7,1,2.79,5.46,5.74,11.46
ORD-100047,Apparel,Express,,0.908,212.8,4,2.06,3.04,4.52,11.99
ORD-100318,Apparel,Express,3404.6,0.596,3.9,3,6.9,6.33,5.07,16.62
ORD-100106,Home_Kitchen,Same_Day,2890.37,2.569,37.6,3,0.55,3.9,5.94,5.98
ORD-100976,Home_Kitchen,Same_Day,7762.75,5.1,39.0,4,3.0,7.39,4.15,9.38
ORD-100055,Books,Standard,1109.24,1.122,471.4,4,2.47,4.25,5.52,19.5
ORD-100888,Electronics,Express,15718.45,17.922,243.8,7,3.95,7.97,5.41,21.15
ORD-100213,Books,EXPRESS,2010.54,1.073,295.0,6,5.92,8.51,2.91,18.35
ORD-100120,Home_Kitchen,Express,2615.33,2.253,699.2,5,6.62,5.11,7.58,26.97
ORD-100581,Home_Kitchen,Standard,2162.9,3.899,1055.3,3,1.97,7.84,4.51,31.0
ORD-100526,Beauty,Express,1082.65,0.432,22.5,2,0.65,6.04,2.13,7.03
ORD-100869,Apparel,Standard,5930.5,0.861,31.8,5,2.41,5.49,6.77,18.25
ORD-100072,Books,Standard,1029.55,1.854,18.9,5,3.18,5.86,2.78,15.58
ORD-101023,Home_Kitchen,Same_Day,8387.4,4.563,28.1,3,5.78,8.21,6.73,13.71
ORD-100767,Electronics,Standard,22354.08,9.46,259.8,4,3.44,7.1,6.69,23.02
ORD-101131,Home_Kitchen,Same_Day,5348.64,2.59,53.8,7,4.31,2.54,3.84,11.62
ORD-100411,Groceries,Express,1299.06,2.879,139.0,5,2.05,5.3,5.65,8.29
ORD-100918,Apparel,Same_Day,897.9,0.107,49.9,2,2.61,7.98,7.92,11.06
ORD-100806,Groceries,Standard,3041.35,5.565,221.3,5,3.62,3.73,5.65,19.18
ORD-100570,Apparel,Standard,707.27,0.304,52.0,1,5.01,3.06,3.7,13.9
ORD-100783, Home_Kitchen,Express,985.28,2.706,358.8,1,1.93,4.81,6.01,16.99
ORD-100519,Books,Standard,419.37,0.793,175.6,1,2.95,8.0,4.09,18.05
ORD-101105,Groceries,Standard,911.1,5.567,146.9,3,3.09,7.37,6.58,17.83
ORD-100325,Groceries,Same_Day,897.86,4.614,14.7,5,2.7,5.11,3.9,6.86
ORD-100529,Apparel,Standard,3786.72,0.596,18.7,4,1.66,4.99,5.33,15.24
ORD-100950,Home_Kitchen,Express,3003.94,4.746,165.4,2,1.46,4.47,4.98,11.13
ORD-100316,Apparel,Express,537.88,,382.6,2,1.53,4.42,7.85,15.04
ORD-100958, Home_Kitchen,Standard,10889.97,,409.1,3,2.06,5.11,6.85,21.32
ORD-100990,Groceries,Standard,888.71,5.881,636.9,6,2.98,3.21,5.77,25.69
ORD-100545,Home_Kitchen,Standard,1981.88,3.619,1485.4,2,1.6,5.41,6.5,35.22
ORD-100977,Apparel,Same_Day,2256.65,1.509,29.8,4,2.19,7.59,9.02,11.41
ORD-101037,Apparel,standard,2740.47,0.744,1251.9,7,3.87,3.12,1.0,31.48
ORD-100458,Books,Standard,1010.09,3.169,6.2,5,1.45,5.42,6.3,14.22
ORD-101169,Electronics,Standard,15409.04,16.275,29.1,8,2.84,8.41,4.98,21.8
ORD-100060,Groceries,Standard,2101.66,1.424,143.7,2,6.07,9.12,6.52,21.89
ORD-100743,Electronics,Same_Day,42011.74,1.622,11.1,4,3.29,8.32,3.71,9.95
ORD-100092,Home_Kitchen,Standard,893.41,2.128,745.1,2,4.37,5.88,8.29,31.85
ORD-100953,Electronics,Standard,22045.34,0.367,650.3,1,3.71,6.74,5.73,28.37
ORD-100423,Electronics,Standard,20091.27,1.09,55.2,2,3.28,5.73,7.72,18.52
ORD-100351,Electronics,Express,3889.51,0.581,2.4,2,7.62,7.95,4.27,20.01
ORD-101107,Apparel,Express,4931.99,1.009,23.4,5,7.62,5.49,4.24,15.3
ORD-100280,Electronics,Express,49184.61,1.08,9.9,1,7.23,2.04,5.23,16.36
ORD-100101,Groceries,Same_Day,1794.04,4.287,54.2,5,0.68,3.54,5.12,6.39
ORD-100428,Electronics,Same_Day,25575.78,1.048,36.0,6,1.04,2.08,5.05,6.95
ORD-100359,Home_Kitchen,Standard,9947.55,2.92,402.4,2,3.36,5.82,4.21,25.02
ORD-100704,Apparel,Express,1237.13,0.9,81.4,3,3.16,6.32,3.33,10.16
ORD-100573,Groceries,Express,5254.49,10.553,209.7,12,6.34,9.15,5.96,20.06
ORD-100855,Home_Kitchen,Express,576.38,1.744,148.7,6,2.24,3.37,4.77,12.02
ORD-100543,Beauty,Standard,730.15,0.912,728.8,4,2.55,6.39,7.02,25.37
ORD-101191,APPAREL ,Express,1849.24,0.194,630.3,3,4.07,10.0,9.72,22.99
ORD-100746,Apparel,Express,895.77,0.366,19.9,3,1.67,4.86,4.58,7.75
ORD-100182,Home_Kitchen,Same_Day,6602.14,4.319,45.9,7,1.9,3.31,1.31,8.45
ORD-100695,Home_Kitchen,Same_Day,15826.89,3.224,26.9,7,4.34,5.59,6.27,15.17
ORD-100464,Home_Kitchen,Same Day,5145.1,1.993,17.3,5,2.02,4.36,5.98,6.89
ORD-100110,Home_Kitchen,Standard,10093.23,4.248,1170.8,3,1.05,3.24,2.74,27.36
ORD-100370,Groceries,Express,1447.16,7.181,381.0,5,2.33,3.82,4.7,15.05
ORD-100239,Electronics,Express,11228.64,7.287,341.4,4,4.19,5.26,5.48,-4.0
ORD-101057,Apparel,Express,2717.74,1.369,811.9,4,2.25,6.85,7.61,21.76
ORD-100649,Electronics,Same_Day,6654.85,4.094,53.8,3,2.67,7.94,6.36,12.15
ORD-100894,Groceries,Standard,464.31,6.82,1058.8,2,4.86,3.15,4.71,33.5
ORD-100204,Electronics,Standard,11426.79,3.257,983.4,2,2.02,7.32,4.51,31.99
ORD-100931,Apparel,Express,1954.72,0.892,35.5,4,3.42,5.38,2.43,8.7
ORD-100261,Books,Express,817.16,1.525,507.1,4,3.3,7.05,4.34,17.3
ORD-100513,Apparel,Express,1676.5,1.052,3.3,5,2.26,5.66,2.32,9.15
ORD-100813,Home_Kitchen,Express,5014.74,2.366,27.4,2,2.84,6.97,5.23,12.55
ORD-100339,Beauty,Express,1044.14,0.5,202.4,3,2.41,8.09,3.63,14.59
ORD-100700,Apparel,Standard,3409.12,0.749,281.4,5,2.65,5.0,7.95,18.09
ORD-100838,Apparel,Standard,1048.81,0.764,1334.9,1,1.66,4.72,5.33,33.35
ORD-101079,Apparel,standard,1028.92,0.562,979.7,2,3.04,8.17,6.19,28.94
ORD-100183,APPAREL ,Standard,1479.3,1.059,323.7,5,2.23,5.73,4.29,17.8
ORD-100137,Home_Kitchen,Standard,3284.17,7.82,181.0,4,1.91,2.44,4.73,15.42
ORD-101174,Home_Kitchen,Standard,4077.02,4.228,434.1,4,2.62,5.94,4.48,24.46
ORD-100727,Electronics,Express,22404.58,3.032,315.9,2,1.56,4.95,8.48,15.9
ORD-100652,Groceries,Standard,1653.42,5.348,38.4,6,4.03,7.52,7.04,16.77
ORD-100080,Groceries,Standard,650.04,1.312,52.3,1,2.34,8.58,5.7,12.72
ORD-100528,Groceries,Standard,1132.52,1.602,53.4,2,1.07,5.91,8.15,17.18
ORD-100814,Electronics,Express,8339.12,3.873,458.5,5,2.84,3.08,5.86,16.31
ORD-100849,Beauty,Same_Day,2302.64,0.866,4.9,4,2.18,9.42,8.7,10.95
ORD-100029,Groceries,Standard,1121.87,11.526,74.2,4,5.85,3.83,3.91,18.28
ORD-100952,Apparel,Standard,2632.1,0.793,1239.0,2,1.16,3.63,6.33,32.98
ORD-100165,Apparel,Standard,688.96,0.697,167.4,2,2.01,4.86,1.0,12.66
ORD-100248,Apparel,standard,1603.79,0.444,1257.1,3,1.18,3.11,6.51,32.59
ORD-100307,Groceries,Express,4061.98,5.587,877.8,7,3.19,2.37,6.45,22.54
ORD-100879,Home_Kitchen,Same_Day,4833.66,7.256,51.9,7,2.12,4.8,5.93,10.39
ORD-100933,Groceries,Express,396.02,1.461,126.6,2,5.63,6.86,6.95,16.69
ORD-100346,Beauty,Standard,1768.97,0.921,464.8,5,1.25,2.51,4.46,19.54
ORD-100334,Electronics,Standard,4134.96,3.43,167.4,1,1.94,6.88,4.24,18.98
ORD-100285,Apparel,Standard,1664.03,0.546,60.5,1,4.09,7.2,3.4,19.11
ORD-100978,Home_Kitchen,Same_Day,9834.68,7.227,9.8,4,3.51,5.44,6.17,11.06
ORD-100097,electronics,Standard,11535.37,3.638,120.6,3,1.77,6.19,5.98,18.75
ORD-100557,Home_Kitchen,Standard,3640.93,2.88,16.9,4,1.54,4.99,3.97,15.0
ORD-101050,Groceries,Standard,2132.26,4.367,922.0,2,1.47,3.66,2.45,23.35
ORD-100939,Electronics,Standard,10730.92,6.421,1388.3,3,2.37,4.98,8.53,38.64
ORD-100620,groceries,Standard,802.51,5.463,698.5,2,3.37,7.62,5.68,26.47
ORD-100701,Apparel,Same_Day,3053.43,2.612,50.8,10,1.52,2.77,4.79,7.89
ORD-101075,Apparel,Express,2564.28,1.435,334.1,6,2.51,5.71,5.82,17.01
ORD-100862,Books,Standard,605.29,1.14,305.6,3,5.72,9.69,6.74,24.61
ORD-100778,groceries,Same_Day,4611.54,6.416,3.2,6,3.88,2.35,3.48,4.76
ORD-101072,Home_Kitchen,Express,4052.41,0.981,7.3,3,2.62,7.06,4.51,13.05
ORD-100065,Home_Kitchen,Express,1982.45,1.842,15.8,2,4.37,7.54,6.48,13.65
ORD-101117,Books,Standard,607.77,3.977,204.1,6,3.35,6.84,6.69,22.29
ORD-100764,Beauty,standard,586.71,0.636,45.9,3,2.11,5.72,6.5,16.32
ORD-100996,Groceries,standard,658.26,10.991,224.7,4,4.36,4.72,3.76,17.86
ORD-101097,Books,Standard,433.99,2.098,329.5,4,5.23,6.94,4.71,23.06
ORD-101112,Home_Kitchen,Standard,3294.15,3.736,395.2,4,1.98,4.73,,24.67
ORD-100302,Home_Kitchen,Same_Day,804.17,2.998,43.0,3,2.33,6.96,6.2,9.79
ORD-100254,Apparel,Standard,1478.77,0.489,48.4,4,3.26,3.79,6.87,14.76
ORD-100987,Electronics,Standard,37155.11,2.497,1254.2,4,7.36,3.63,3.78,39.64
ORD-100959,Home_Kitchen,Same_Day,4544.25,6.876,30.7,2,5.33,2.64,6.02,12.56
ORD-100312,Apparel,Express,7006.69,0.55,531.0,4,1.24,3.03,5.48,16.4
ORD-100553,Beauty,Standard,1963.57,0.466,1393.4,6,4.88,6.66,8.69,38.28
ORD-100221,Home_Kitchen,Standard,3978.29,3.727,1143.8,2,6.17,7.67,,35.48
ORD-100477,Home_Kitchen,Standard,5966.53,9.095,54.6,4,5.58,5.46,2.95,18.85
ORD-100388,Electronics,Express,4144.24,1.783,349.1,2,2.17,3.89,3.65,14.86
ORD-100235,Books,Standard,338.45,1.302,211.3,2,1.04,5.42,4.88,17.0
ORD-100832,Apparel,Express,4021.39,1.528,367.7,4,2.85,7.4,,18.03
ORD-101087,Groceries,Standard,2627.34,11.577,321.5,5,4.11,5.22,6.1,20.9
ORD-100759,Home_Kitchen,Standard,966.02,3.064,329.8,1,0.7,4.4,4.07,18.83
ORD-100305,Home_Kitchen,Same_Day,5920.43,1.72,48.6,3,2.63,7.35,99.0,11.35
ORD-101124,Apparel,Standard,1893.44,1.723,435.0,9,4.54,7.0,6.3,25.69
ORD-100572,Home_Kitchen,Express,4508.58,18.098,431.1,3,3.81,7.17,3.9,20.87
ORD-100963,Electronics,Same_Day,7812.76,1.359,50.6,3,0.85,4.12,5.63,7.74
ORD-100943,Apparel,Same_Day,599.76,0.448,11.3,1,0.63,2.76,3.98,4.75
ORD-101152,Electronics,Standard,12003.08,1.167,21.7,6,3.34,9.27,7.85,21.05
ORD-100249,Apparel,EXPRESS,1488.21,0.998,22.4,4,2.15,6.73,5.0,8.98
ORD-100780,Apparel,Express,2303.93,1.555,139.7,6,1.77,4.98,4.93,11.5
ORD-100613,Beauty,Standard,869.92,0.172,356.6,2,5.95,8.79,7.47,24.46
ORD-100071,Apparel,Express,,0.231,127.9,1,0.88,4.2,4.27,65.98
ORD-100094,Apparel,Standard,3593.5,2.18,36.8,5,6.27,8.12,,19.67
ORD-100673,Groceries,Standard,630.56,5.143,1069.7,2,1.29,6.07,7.47,27.79
ORD-100033,Apparel,Express,1725.73,0.535,143.6,3,0.79,1.39,5.91,9.96
ORD-100789,Home_Kitchen,Same_Day,2768.51,26.44,16.8,8,4.47,6.11,3.23,10.7
ORD-100448,Electronics,Express,11129.52,1.508,330.9,3,4.27,4.49,5.05,16.0
ORD-100445,Groceries,Express,1150.1,2.378,328.9,2,4.07,5.43,6.85,14.17
ORD-100846,Apparel,Standard,2203.71,1.317,322.6,5,4.91,7.4,2.43,23.1
ORD-100718,Groceries,Same_Day,810.44,4.509,6.2,3,1.12,3.98,2.84,3.11
ORD-101155,Electronics,Standard,23794.45,6.321,764.7,4,2.4,4.95,3.83,29.24
ORD-100077,Groceries,Express,702.16,3.052,204.5,4,2.05,5.79,6.63,11.18
ORD-100084,Electronics,Express,4145.64,2.827,92.5,2,2.59,5.13,7.48,14.59
ORD-101081,Beauty,Same_Day,1928.58,0.201,10.6,2,2.04,8.17,5.2,7.41
ORD-100082,Books,Standard,199.0,1.023,117.5,3,7.31,6.52,6.04,23.79
ORD-100457,Home_Kitchen,Standard,6351.26,4.187,527.9,4,1.97,6.52,5.7,23.38
ORD-100757,Beauty,Express,3036.25,1.209,98.2,6,3.13,7.4,6.07,13.15
ORD-100436,Electronics,Standard,26083.53,6.591,31.0,13,4.06,1.23,3.83,19.03
ORD-101078,Groceries,Standard,1604.52,15.24,255.0,3,2.74,5.59,6.44,21.04
ORD-100916,Electronics,Standard,50486.63,1.408,562.9,3,5.29,5.36,2.91,29.23
ORD-100404,Beauty,Standard,321.1,0.147,326.3,1,4.25,6.11,5.38,20.43
ORD-101058,Home_Kitchen,Standard,14656.21,12.697,226.2,5,1.48,2.94,6.03,18.24
ORD-100626,Books,Standard,642.23,1.104,211.6,5,4.69,5.5,6.94,21.17
ORD-100668,Apparel,Standard,8626.34,0.763,1469.4,4,1.68,6.23,5.6,36.45
ORD-100104,Groceries,Standard,933.18,12.312,196.3,5,9.61,5.44,4.61,21.75
ORD-100554,Electronics,Standard,102158.04,22.371,52.8,13,4.15,5.42,6.7,22.97
ORD-101150,Electronics,Express,18701.2,0.352,54.4,3,2.89,6.21,9.7,15.06
ORD-100062,Home_Kitchen,Same_Day,3666.39,7.416,35.8,2,5.8,8.84,6.41,13.05
ORD-100281,Electronics,Standard,13018.53,8.586,327.7,5,3.1,4.96,7.09,21.81
ORD-100682,Electronics,standard,3577.13,0.624,133.1,1,1.44,6.37,6.19,17.49
ORD-100238,Electronics,Express,22055.66,5.388,585.0,4,1.13,4.78,5.67,20.08
ORD-100223,Beauty,standard,1205.9,0.311,195.6,3,2.95,4.1,6.26,21.17
ORD-100145,Apparel,Standard,1507.36,0.951,624.1,3,2.15,5.35,1.44,20.98
ORD-101132,Electronics,Express,17285.18,1.552,243.4,4,3.76,7.67,6.48,20.17
ORD-100373,APPAREL ,Express,2588.59,0.139,259.8,1,3.52,8.51,5.45,18.3
ORD-100118,Apparel,Same_Day,1438.64,0.861,45.7,3,4.82,9.85,7.23,15.62
ORD-100825,Electronics,Express,13225.71,3.101,145.0,4,3.23,4.01,4.87,16.13
ORD-100250,Groceries,Express,2229.16,2.238,167.5,4,1.3,3.29,1.58,7.85
ORD-101170,Apparel,Same_Day,4173.77,1.404,22.3,8,2.86,4.65,6.1,11.13
ORD-100009,Home_Kitchen,Same_Day,3092.84,1.935,33.0,1,4.02,5.57,7.5,12.17
ORD-100449,Home_Kitchen,Standard,4021.61,3.678,372.1,1,5.13,4.82,4.66,24.62
ORD-100899,Home_Kitchen,Express,2115.43,5.72,132.4,7,3.15,4.14,5.7,15.13
ORD-100389,Books,Express,678.35,0.914,14.9,2,2.58,5.26,7.9,13.71
ORD-100644,Groceries,Same_Day,2520.71,10.354,41.4,9,9.28,7.99,5.58,14.86
ORD-100927,Books,Express,,0.995,53.8,2,2.67,7.38,5.88,10.75
ORD-100460,Home_Kitchen,Standard,2945.37,9.179,356.2,2,4.1,4.47,2.77,22.57
ORD-101118,Apparel,Standard,3605.71,0.915,78.9,4,1.3,3.61,5.65,16.76
ORD-100144, Home_Kitchen,Express,842.94,1.189,175.6,4,3.21,7.24,6.68,16.19
ORD-100501,Books,Express,1606.7,3.351,37.2,10,2.26,4.64,1.91,9.42
ORD-101121,Electronics,Standard,1970.63,1.898,41.0,1,1.33,6.24,5.78,16.04
ORD-100539,Books,Standard,1535.09,2.023,734.9,5,2.59,6.56,7.67,28.75
ORD-100177,Beauty,Same_Day,2685.65,0.454,43.3,3,2.35,2.4,2.46,5.44
ORD-101172,Apparel,Express,4294.07,2.099,609.3,6,3.32,8.41,6.7,20.59
ORD-100974,Apparel,Express,,3.675,259.0,9,5.62,3.24,2.46,17.36
ORD-100602,Beauty,Standard,693.18,0.519,10.5,2,1.71,4.59,4.12,14.96
ORD-100855,Home_Kitchen,Express,576.38,1.744,148.7,6,2.24,3.37,4.77,12.02
ORD-100007,Books,standard,965.42,1.81,328.9,5,1.15,4.68,4.45,18.39
ORD-100843,Apparel,Same_Day,1141.98,0.447,47.6,1,1.89,6.49,2.57,6.51
ORD-100868,Electronics,Express,5730.32,4.28,11.4,5,4.1,3.58,3.23,13.51
ORD-100357,Books,Standard,570.95,1.795,103.9,2,1.74,5.87,4.59,17.09
ORD-100329,Apparel,Same_Day,1739.95,0.569,12.0,3,4.8,9.58,4.4,11.13
ORD-101108,Beauty,Standard,427.58,0.323,862.1,2,2.33,6.35,5.01,25.48
ORD-100885,Apparel,Standard,1282.33,0.577,330.7,2,4.34,6.14,4.44,21.61
ORD-100258,Electronics,Standard,12818.52,2.092,1234.4,2,0.84,4.25,1.09,29.13
ORD-100893,Electronics,Standard,9061.84,7.191,143.1,3,3.17,7.85,10.0,24.64
ORD-100917,Electronics,Same_Day,15387.3,4.513,52.7,3,0.85,4.29,4.28,6.64
ORD-100796,Electronics,Standard,6399.82,1.228,1242.3,3,11.14,6.61,,42.62
ORD-100826,Home_Kitchen,Standard,3614.48,10.354,47.8,7,5.68,4.2,3.77,19.55
ORD-100852,Books,Standard,646.75,0.423,1137.5,2,6.43,7.97,7.84,36.77
ORD-100525,APPAREL ,Express,2097.82,0.255,347.1,3,0.3,3.18,3.25,12.23
ORD-100836,Groceries,Standard,605.97,14.423,8.7,4,4.31,7.91,8.95,19.25
ORD-100678,Electronics,Standard,11116.12,1.349,163.6,2,1.71,7.82,5.54,20.38
ORD-100772,Home_Kitchen,Standard,1914.5,5.514,12.6,3,2.99,6.93,5.71,16.51
ORD-101179,Apparel,Standard,1043.45,0.465,206.5,2,4.81,6.03,3.23,18.13
ORD-100440,Books,Express,1017.43,2.122,219.9,2,1.8,5.52,7.11,12.94
ORD-100531,Groceries,Standard,1340.71,5.588,943.7,4,3.18,3.35,1.35,24.88
ORD-100988,Apparel,Same_Day,1169.48,0.311,37.8,3,1.01,4.25,7.83,5.95
ORD-100228,groceries,Standard,847.32,7.743,245.0,3,1.4,5.41,4.75,18.96
ORD-101054,Apparel,Express,2529.25,1.381,311.4,3,1.08,5.39,5.0,13.21
ORD-100212,Electronics,Standard,1791.05,0.431,291.4,1,1.22,4.52,5.33,21.72
ORD-100079,Books,Standard,895.81,0.711,19.1,3,2.58,5.64,5.44,14.4
ORD-100148,Apparel,Express,2463.51,0.637,4.1,4,1.81,4.07,7.77,8.19
ORD-100610,Home_Kitchen,Standard,3484.32,3.684,1251.7,3,2.17,4.15,5.35,34.48
ORD-100728,Home_Kitchen,Standard,6537.68,6.124,1303.6,3,4.03,5.86,4.08,37.5
ORD-100936,Beauty,Standard,1964.79,-1.5,272.4,5,3.97,5.18,6.89,20.01
ORD-100133,Apparel,Express,2048.47,0.935,291.7,2,2.34,7.56,6.81,-4.0
ORD-100803,Home_Kitchen,Express,,4.629,32.4,5,2.19,6.2,3.5,10.51
ORD-100408,Electronics,Standard,6160.66,2.17,316.1,4,2.39,5.77,7.12,21.46
ORD-100692,Apparel,Express,834.5,1.464,333.5,5,3.01,5.21,7.58,18.11
ORD-100507,Books,Standard,1125.02,0.899,1288.1,3,2.04,4.12,2.55,29.81
ORD-100902,Electronics,Express,13736.28,30.236,354.0,10,6.18,7.47,3.9,24.67
ORD-100504,Home_Kitchen,Same_Day,6658.84,4.376,8.7,4,3.26,8.99,4.88,9.95
ORD-100694,Beauty,Standard,494.73,0.268,39.9,2,1.27,5.5,8.02,14.93
ORD-100347,Apparel,Standard,1413.02,0.612,232.9,3,1.49,6.8,6.94,19.41
ORD-100386,Groceries,Standard,964.13,3.212,36.5,3,3.64,4.5,5.8,16.48
ORD-100000,Groceries,Standard,664.37,3.275,1380.5,2,3.22,8.22,9.4,38.57
ORD-100360,Beauty,Standard,1041.42,1.205,97.1,4,7.31,5.32,3.95,23.58
ORD-101147,Books,Standard,432.69,0.858,372.1,5,2.56,3.13,2.12,21.09
ORD-100475,Apparel,Express,7755.28,0.971,73.7,3,6.8,5.69,5.68,17.66
ORD-100798,Groceries,Standard,1000.66,6.019,42.9,4,1.58,1.0,5.02,15.05
ORD-100774,Electronics,Express,9572.27,1.052,387.9,3,4.88,8.34,8.33,23.48
ORD-100172,Apparel,Standard,1779.31,0.547,477.0,2,2.84,4.14,3.22,21.32
ORD-100450,Electronics,Express,9287.02,4.373,338.5,3,6.41,8.39,7.86,20.89
ORD-100125,Home_Kitchen,Standard,1665.02,3.523,9.9,2,4.17,7.73,3.24,17.55
ORD-101040,Electronics,Standard,4222.01,0.743,286.2,1,4.17,5.35,6.57,21.11
ORD-100530,Groceries,Express,1053.63,2.257,281.3,2,2.12,7.97,5.74,13.46
ORD-100090,Electronics,Standard,3586.47,1.552,252.7,2,4.83,2.91,2.02,19.68
ORD-101175,Groceries,Standard,392.37,3.65,434.5,2,,7.13,3.89,21.66
ORD-100181,Books,Same_Day,1415.94,1.022,43.8,3,3.22,5.8,4.1,6.42
ORD-100679,Apparel,Express,1849.51,2.039,14.8,9,4.56,7.71,5.89,16.54
ORD-100414,Electronics,Standard,11916.49,1.791,714.3,5,1.62,7.15,8.45,29.85
ORD-100251,Books,Express,2156.76,0.887,35.9,6,5.25,5.36,6.52,15.28
ORD-100069,Apparel,standard,1795.93,0.935,1462.9,3,3.82,7.55,10.0,41.3
ORD-100131,Beauty,Standard,1462.96,0.359,13.1,5,2.69,3.4,5.85,14.85
ORD-100300,Groceries,Express,750.24,4.479,48.4,3,3.69,3.54,2.98,7.94
ORD-101178,Apparel,Standard,883.14,0.39,138.1,1,0.43,3.28,5.28,11.29
ORD-100326,Books,Standard,980.91,1.587,1369.9,3,1.2,4.16,4.49,32.69
ORD-101188,Electronics,Standard,17973.92,10.297,1479.7,5,4.0,6.08,4.84,40.12
ORD-100499,Home_Kitchen,Same_Day,785.04,2.566,13.5,1,1.65,5.67,8.81,8.88
ORD-100889,Groceries,Standard,3716.55,9.761,48.5,10,3.4,6.04,6.68,-4.0
ORD-100945,Apparel,Standard,825.92,0.147,1284.5,1,2.1,6.26,4.09,36.38
ORD-100495,Home_Kitchen,Express,2118.67,9.502,21.0,4,3.16,2.27,4.58,10.5
ORD-100338,Electronics,Standard,15919.25,3.638,197.0,5,2.91,5.02,4.64,20.72
ORD-100992,Books,Standard,576.84,1.9,35.1,2,2.18,5.15,8.34,13.2
ORD-100164,Home_Kitchen,Standard,1318.04,0.358,1426.4,1,1.67,7.7,8.53,41.87
ORD-100028,Electronics,Express,2993.92,1.536,214.4,3,2.43,2.18,5.24,12.84
ORD-100516,Apparel,Express,1627.16,0.734,45.5,2,0.94,5.42,5.21,6.61
ORD-100193,Books,Standard,674.92,,23.1,3,5.52,3.56,4.61,18.46
ORD-101085,Groceries,Express,628.82,8.505,826.1,3,0.81,3.67,2.47,17.22
ORD-100969,Apparel,Same_Day,1743.81,0.614,54.3,4,2.56,5.19,4.18,5.83
ORD-100169,Beauty,Standard,1265.91,0.564,793.2,3,8.78,7.71,4.53,34.1
ORD-100730,Apparel,Same_Day,1934.1,2.938,21.5,11,8.83,4.09,4.73,12.8
ORD-100173,Beauty,Express,2203.96,0.499,176.9,4,3.49,5.66,7.66,14.47
ORD-100518,Electronics,Standard,7444.75,1.471,104.7,4,3.03,7.56,5.79,18.76
ORD-100946,Groceries,Standard,948.15,7.903,1151.0,3,1.66,2.78,5.3,30.29
ORD-100722,Electronics,Standard,4436.36,1.855,726.2,3,3.51,4.84,4.05,27.19
ORD-100491,Groceries,Standard,1980.44,7.631,27.3,5,3.5,6.71,5.01,15.91
ORD-100073,Apparel,Standard,2407.62,0.428,19.0,3,3.13,6.3,7.88,18.3
ORD-101010,Groceries,Standard,1088.12,9.666,300.7,4,6.52,3.15,5.05,22.59
ORD-100587,Apparel,Same_Day,1498.74,3.834,14.2,12,7.46,4.29,3.59,14.01
ORD-100234,Beauty,Standard,2072.04,0.456,620.7,3,2.73,7.91,6.41,26.43
ORD-100214,Groceries,Express,527.75,4.249,14.2,2,1.26,7.18,5.72,9.7
ORD-101186,Apparel,Express,3192.09,0.643,274.2,7,5.02,7.63,8.06,20.07
ORD-100132,Home_Kitchen,Standard,1780.38,15.313,253.1,6,9.94,8.29,5.36,29.13
ORD-100937,Electronics,Standard,4514.72,0.67,40.3,4,2.54,8.79,1.91,16.77
ORD-100753,Home_Kitchen,Standard,3446.78,21.209,499.3,5,1.44,2.75,6.82,19.53
ORD-100968,Home_Kitchen,Express,12115.95,7.12,204.5,4,11.15,6.7,4.56,22.93
ORD-100185,Groceries,Express,269.43,7.873,16.3,3,3.18,8.32,6.89,11.19
ORD-100041,Books,Standard,854.0,1.089,36.1,6,2.32,6.34,6.7,17.43
ORD-100108,Electronics,Standard,11250.82,4.996,1240.6,7,2.91,5.06,6.99,36.23
ORD-100873,Apparel,Standard,2148.93,1.519,925.6,7,6.27,8.67,4.73,37.07
ORD-100568,Apparel,Express,326.3,0.383,338.0,1,2.2,3.04,6.61,13.36
ORD-100670,Electronics,Express,17255.77,4.311,28.2,7,4.26,6.4,4.15,15.42
ORD-101027,Apparel,Standard,1762.36,0.554,1310.3,3,2.88,4.61,4.67,32.86
ORD-101168,Books,Same_Day,672.23,0.697,37.0,3,2.14,5.15,5.82,8.58
ORD-100483,APPAREL ,Standard,900.89,0.38,46.3,1,1.87,2.91,6.42,14.33
ORD-100468,Electronics,Express,23743.01,5.709,4.4,4,3.21,7.58,6.13,14.93
ORD-100024,Groceries,Standard,466.09,4.163,1319.4,3,1.12,2.94,4.74,33.32
ORD-101073,Beauty,Express,3045.95,0.631,577.3,5,3.15,6.81,5.98,19.64
ORD-100904,Beauty,Same_Day,1353.91,0.977,53.7,9,2.44,4.02,5.21,7.69
ORD-100822,Apparel,Express,951.97,0.294,634.7,1,2.47,7.01,4.05,18.12
ORD-101159,Groceries,Express,2603.5,2.662,156.9,5,1.4,6.16,5.19,11.17
ORD-100366,groceries,Express,792.98,1.918,324.1,4,3.06,5.43,5.26,15.23
ORD-101035,Groceries,Express,681.75,2.826,28.9,0,1.91,6.18,4.29,6.1
ORD-101066,Apparel,Express,2022.7,1.596,336.0,4,2.75,8.4,3.32,16.47
ORD-100383,Home_Kitchen,Standard,674.48,15.284,193.8,2,1.9,4.17,1.91,18.77
ORD-100454,electronics,Express,7708.51,3.945,29.8,2,3.02,5.97,2.7,11.48
ORD-100264,Beauty,Express,1220.98,0.409,6.3,3,0.98,2.56,4.48,5.99
ORD-100781,Beauty,Standard,,0.871,421.6,3,4.21,4.5,3.87,22.78
ORD-101009,Home_Kitchen,EXPRESS,1411.45,4.929,238.7,2,1.0,4.72,5.04,15.44
ORD-100444,Apparel,Express,3834.67,0.978,46.8,4,5.7,10.0,6.44,16.04
ORD-100395,Home_Kitchen,Express,2490.9,4.942,413.0,4,3.5,6.59,1.39,19.4
ORD-100762,Electronics,Standard,7897.12,1.472,574.1,1,1.91,5.82,3.24,23.66
ORD-100176,Apparel,Express,9421.05,1.35,47.4,6,6.22,4.6,7.54,17.3
ORD-100018,Books,Standard,485.08,0.558,35.8,1,3.22,3.06,1.99,11.47
ORD-100847,Groceries,Express,3975.34,6.201,30.0,6,5.14,8.61,9.1,14.4
ORD-100837,Beauty,Standard,3557.8,0.653,429.9,14,4.46,7.61,9.12,26.52
ORD-100595,Apparel,Express,869.22,0.323,367.9,2,2.38,4.7,3.12,14.76
ORD-100061,Home_Kitchen,Express,3390.21,3.751,335.4,4,2.98,4.94,3.85,15.7
ORD-100272,Electronics,Standard,3473.54,2.423,315.2,2,1.01,2.99,5.65,19.02
ORD-101139,Groceries,Standard,902.02,3.967,45.1,3,2.39,7.37,4.62,15.31
ORD-100278,Books,Standard,218.28,1.198,333.6,3,1.77,6.12,5.85,19.94
ORD-100865,Beauty,Standard,6658.87,0.731,1001.4,5,2.63,6.28,3.63,30.1
ORD-100368,Apparel,Standard,9246.66,0.618,73.3,7,4.4,7.01,6.06,20.81
ORD-100912,Beauty,Standard,2740.03,0.816,390.1,5,2.43,8.51,7.95,22.36
ORD-100842,Home_Kitchen,Express,2358.72,0.429,111.1,2,2.67,6.11,2.58,12.9
ORD-100884,Electronics,Same_Day,7040.99,3.216,9.3,3,1.97,6.14,8.19,8.7
ORD-100741,Electronics,Standard,28034.13,6.106,550.1,7,1.7,4.82,6.54,22.82
ORD-101099,Electronics,Express,13878.35,7.638,234.6,2,2.39,4.32,4.69,17.3
ORD-100547,Electronics,Standard,5485.61,4.77,691.6,6,4.04,7.09,5.86,28.98
ORD-100905,Groceries,Express,591.85,3.301,246.7,3,6.76,6.9,6.23,18.68
ORD-100688,Groceries,Standard,263.18,1.831,1493.8,1,3.76,6.7,4.88,34.01
ORD-100926,electronics,Express,3111.44,2.625,7.7,2,1.74,7.69,6.14,10.93
ORD-100456,Beauty,Express,3547.57,0.395,45.8,4,4.32,6.3,7.13,15.21
ORD-100393,Groceries,Express,2085.49,6.1,97.6,3,7.05,6.38,5.51,15.3
ORD-100675,Apparel,Express,2191.76,1.184,389.9,5,2.76,6.33,3.13,16.81
ORD-100938,Books,Standard,1099.52,1.526,1087.0,4,2.76,6.92,4.89,32.23
ORD-100993,Apparel,standard,1021.18,1.081,306.1,4,2.6,6.06,3.54,19.19
ORD-100375,Electronics,Same_Day,4009.09,3.841,58.3,2,1.57,5.17,3.77,9.51
ORD-100412,Electronics,Express,29337.48,3.547,45.8,6,4.4,9.0,9.56,17.2
ORD-100074,Electronics,EXPRESS,19922.55,2.403,273.5,4,1.37,5.92,4.73,15.12
ORD-101135,Apparel,Standard,806.98,0.691,322.6,2,1.22,2.25,5.19,17.06
ORD-100887,Electronics,Express,3647.68,2.091,235.1,4,3.18,5.88,4.27,16.5
ORD-100500,Groceries,Standard,760.7,11.566,19.0,2,4.5,3.94,4.06,15.28
ORD-100823,Groceries,Standard,921.53,5.239,1152.6,4,5.78,5.75,4.98,36.01
ORD-100616,Groceries,Standard,1352.81,11.156,677.9,7,3.78,8.96,4.21,29.24
ORD-100114,Electronics,Express,78604.78,1.84,397.1,5,2.56,4.29,2.76,13.86
ORD-100417,Groceries,Standard,2907.85,6.683,151.0,4,3.07,3.77,3.07,14.07
ORD-100601,Groceries,Standard,572.78,3.967,99.0,2,2.24,7.12,9.45,18.67
ORD-100604,Beauty,Standard,630.1,0.477,521.4,1,3.3,5.79,5.89,22.13
ORD-100089,Home_Kitchen,Standard,4673.21,2.738,115.5,4,7.25,4.08,2.01,22.28
ORD-101162,Books,Standard,1120.31,1.587,1290.8,4,3.58,8.32,5.5,32.59
ORD-100498,Apparel,Express,3200.51,1.127,143.2,10,4.53,7.99,6.16,18.06
ORD-100901,Apparel,standard,3224.57,2.019,1173.0,8,7.05,6.58,4.54,41.19
ORD-100908,Apparel,Standard,3693.77,1.188,40.1,3,3.19,5.3,2.63,12.57
ORD-100906,Home_Kitchen,Express,1537.49,1.228,351.3,5,3.4,6.89,6.04,17.44
ORD-100011,Beauty,Express,202.05,0.394,608.6,3,1.69,6.82,7.47,19.65
ORD-100396,Books,Standard,1386.97,1.555,18.9,7,4.65,7.66,6.12,19.98
ORD-100857,Books,Express,872.12,1.096,708.9,2,0.93,5.15,5.17,17.28
ORD-100555,Apparel,Express,233.98,0.661,15.6,2,1.82,4.3,2.87,8.47
ORD-100042,Groceries,Express,565.61,2.38,76.9,2,8.08,6.39,4.1,15.19
ORD-100167,Books,Express,845.06,1.155,43.6,4,4.92,7.69,7.17,89.12
ORD-100416,Electronics,Standard,7648.49,1.191,1191.5,4,5.57,9.79,8.62,42.36
ORD-100576,Beauty,Same_Day,450.49,0.928,25.9,2,4.43,6.42,5.22,9.66
ORD-100267,Electronics,Standard,6673.03,1.181,261.5,3,5.28,5.23,4.94,21.04
ORD-100830,Home_Kitchen,Standard,8967.71,1.396,879.9,5,2.74,4.55,,30.48
ORD-100426,Apparel,Standard,1545.02,0.906,1202.2,3,5.15,2.0,5.43,32.51
ORD-100690,Apparel,Standard,1566.71,1.679,8.0,4,5.19,9.58,7.07,18.62
ORD-100544,Electronics,Express,3487.54,3.522,820.9,2,2.94,3.42,3.07,22.61
ORD-101136,Home_Kitchen,Standard,2488.4,5.193,51.0,4,3.66,9.16,3.17,16.93
ORD-100674,Home_Kitchen,Same_Day,4121.76,9.168,33.5,2,7.89,8.39,5.53,13.55
ORD-100689,Home_Kitchen,Standard,1621.52,5.453,439.4,5,3.46,4.98,6.45,26.16
ORD-101068,Electronics,Standard,6112.34,5.719,17.7,3,4.95,5.5,5.06,19.08
ORD-101190, Home_Kitchen,Standard,4327.3,7.951,4.0,4,1.53,4.56,5.72,16.23
ORD-101158,Apparel,Standard,3384.01,1.392,51.8,5,1.43,6.36,4.94,17.68
ORD-100909,Apparel,Express,1510.4,1.326,252.0,5,4.32,4.58,2.46,14.81
ORD-100257,Electronics,Standard,8206.33,3.298,11.5,3,3.52,7.8,5.29,19.04
ORD-100335,Home_Kitchen,Standard,3438.35,2.416,23.6,1,2.52,7.09,5.17,14.39
ORD-100015,Apparel,Standard,3360.43,1.211,139.7,9,11.99,6.67,5.22,29.36
ORD-101033,Beauty,Express,,0.992,633.5,4,3.34,5.66,3.48,21.12
ORD-100324,Books,Standard,561.12,1.391,315.9,4,1.69,4.59,5.62,18.61
ORD-100607,Electronics,Standard,14387.99,1.516,1147.6,2,4.46,5.46,4.55,33.47
ORD-101067,Groceries,Standard,1686.73,8.163,1208.5,0,2.22,6.18,7.55,35.53
ORD-100812,Beauty,Standard,923.84,0.264,51.2,3,4.86,8.39,6.74,21.29
ORD-100222,Groceries,Standard,672.85,2.786,1071.8,2,5.6,4.99,3.16,30.25
ORD-100179,Groceries,Standard,1032.15,9.063,596.3,4,3.63,5.91,4.31,21.12
ORD-100099,Beauty,Standard,1206.03,0.353,5.6,4,,4.48,3.3,17.09
ORD-100521,Apparel,Standard,1183.7,1.588,9.0,9,2.92,6.41,7.65,18.78
ORD-100022,Beauty,Standard,1840.69,0.438,72.8,11,6.3,7.23,5.26,21.35
ORD-100356,Groceries,Same_Day,1212.67,2.88,53.0,4,2.34,8.17,7.74,10.27
ORD-100733,Apparel,Express,3184.63,0.842,361.2,3,1.29,6.01,9.06,17.06
ORD-100989,Books,Same_Day,377.02,0.583,37.8,2,3.88,3.31,8.5,11.84
ORD-101125,Home_Kitchen,Standard,2818.66,6.496,26.6,4,3.15,2.36,3.03,14.43
ORD-100611,Groceries,Standard,1114.01,3.867,800.0,2,1.65,3.98,7.11,22.38
ORD-101032,Home_Kitchen,Standard,13972.86,9.363,1490.5,6,3.87,5.23,1.0,40.69
ORD-100340,electronics,Express,4685.22,1.606,172.6,6,2.17,6.38,3.97,14.89
ORD-100431,Groceries,Standard,758.47,5.696,27.9,2,2.27,5.28,4.71,13.32
ORD-101111,Apparel,Standard,1145.94,1.213,789.8,2,0.99,5.0,6.91,24.95
ORD-100217,Electronics,Standard,6387.81,4.249,189.1,3,3.96,6.32,3.14,22.59
ORD-100203,electronics,Express,14040.31,1.483,37.8,2,6.81,4.81,4.35,16.19
ORD-100932,Apparel,Standard,515.11,0.394,319.5,1,1.08,6.55,5.18,19.5
ORD-100949,Apparel,Same_Day,1421.63,1.107,50.6,4,3.01,5.04,4.32,8.5
ORD-100093,APPAREL ,Express,2043.08,0.575,682.9,2,1.5,3.75,3.0,16.53
ORD-100820,Electronics,Standard,12749.36,19.468,1106.8,11,11.48,5.53,4.11,41.07
ORD-100068,Electronics,Standard,4215.11,2.861,1340.1,2,1.28,4.66,4.52,33.17
ORD-100921,Books,Standard,324.18,0.824,82.4,4,5.52,7.12,4.8,16.15
ORD-100284,Home_Kitchen,standard,17604.1,7.502,123.3,7,5.3,6.09,3.59,21.17
ORD-100696,Groceries,Same_Day,4068.75,5.31,47.2,6,3.06,6.81,9.88,11.3
ORD-100085,Electronics,Standard,41617.2,3.547,315.4,3,4.24,9.19,5.51,25.54
ORD-100434,Electronics,EXPRESS,3505.96,1.555,279.5,2,4.65,8.95,6.63,19.56
ORD-100818,Groceries,Standard,787.61,3.171,647.8,3,1.46,5.06,5.71,22.14
ORD-100153,Home_Kitchen,Standard,1628.78,8.519,28.9,2,5.99,4.77,6.0,22.57
ORD-100075,Apparel,Standard,819.09,1.967,384.8,3,4.92,5.42,3.9,23.73
ORD-101115,Electronics,Standard,14878.12,4.062,1109.9,3,2.93,3.88,7.08,35.94
ORD-100580,Home_Kitchen,Express,1623.63,2.747,249.4,4,5.89,4.47,6.69,20.18
ORD-100446,Beauty,Standard,1609.52,0.241,55.0,1,1.82,6.61,2.83,13.06
ORD-100703,Books,Express,407.95,0.736,455.5,2,2.25,7.65,8.11,18.91
ORD-100188,Groceries,Standard,858.21,2.636,728.6,1,0.3,1.06,5.76,23.33
ORD-100271,Electronics,Standard,10260.82,2.0,9.8,3,2.87,8.71,2.93,14.69
ORD-100236,Home_Kitchen,Same_Day,2137.6,0.622,43.8,2,1.84,2.67,5.56,7.0
ORD-100487,Apparel,Standard,2060.59,0.458,1393.1,5,2.17,5.49,7.2,37.54
ORD-101173,Groceries,Same_Day,1981.4,4.41,44.6,5,2.31,5.11,5.01,10.07
ORD-100559,Home_Kitchen,Express,4643.99,15.68,7.0,7,1.95,3.38,5.83,10.64
ORD-100117,Groceries,Same_Day,677.9,2.332,3.7,2,2.29,6.96,2.64,6.45
ORD-100637,Groceries,Express,1175.54,2.109,546.4,3,2.21,8.81,4.94,17.95
ORD-101090,Apparel,Standard,2766.79,0.651,356.1,3,3.68,5.96,3.34,20.69
ORD-100750,Apparel,Standard,2253.31,0.196,351.0,1,3.98,4.61,4.61,18.12
ORD-100512,Electronics,Standard,32286.15,14.782,432.4,6,7.27,8.12,6.69,32.65
ORD-100633,Apparel,Standard,1739.92,0.365,137.9,2,4.19,7.21,3.29,17.01
ORD-100807,Electronics,Standard,5551.14,6.154,158.3,2,2.22,5.2,3.96,17.12
ORD-101029,Apparel,Express,893.88,0.553,95.2,2,4.53,4.69,5.08,13.61
ORD-100979,Electronics,Standard,5313.84,2.92,1347.7,4,4.13,2.87,5.31,36.39
ORD-100126,Apparel,Express,2077.04,1.853,369.7,6,4.88,7.49,5.16,17.98
ORD-100790,Apparel,Standard,5893.16,0.58,259.8,5,2.24,8.04,4.93,19.56
ORD-100116,Groceries,Same_Day,691.92,4.274,15.6,3,3.32,7.05,3.96,7.08
ORD-100473,Electronics,Standard,19283.89,1.056,18.3,4,2.34,4.89,1.0,12.45
ORD-100740,Electronics,Express,3793.75,2.764,31.7,3,2.4,5.2,4.01,11.7
ORD-101024,Groceries,Standard,1541.05,4.832,275.9,4,2.44,4.42,4.29,17.67
ORD-100057,Home_Kitchen,Express,1785.13,2.838,234.8,3,2.33,4.95,8.33,18.41
ORD-100603,Groceries,Standard,882.1,5.577,341.7,3,0.73,3.27,6.34,17.03
ORD-100786,Books,Standard,742.83,0.982,36.4,1,4.38,4.37,4.3,18.01
ORD-101000,Electronics,Standard,7940.65,4.144,174.4,2,1.8,10.0,9.04,21.29
ORD-100656,Books,Standard,489.63,2.518,365.0,7,2.91,4.83,4.83,21.78
ORD-101116,Electronics,Standard,17836.66,7.896,47.7,4,6.38,7.62,7.33,23.81
ORD-100948,Books,Standard,199.0,1.473,277.7,2,1.97,6.71,5.41,20.41
ORD-100105,Groceries,Express,926.35,2.788,-12.0,1,0.49,4.34,,10.45
ORD-100635,electronics,Express,6808.12,4.975,363.9,3,3.2,5.58,4.88,16.63
ORD-100369,Books,Standard,414.24,1.787,58.1,2,2.85,7.21,8.99,19.75
ORD-100268,Electronics,Standard,13821.54,4.311,38.8,3,1.27,3.26,4.01,14.5
ORD-100655,Apparel,Express,1115.26,1.58,54.9,4,5.19,10.0,8.59,16.93
ORD-100819,Apparel,Standard,3877.3,1.143,80.0,9,4.79,10.0,10.0,23.31
ORD-100046,Apparel,Standard,1460.41,0.437,873.7,1,2.3,4.0,2.07,25.42
ORD-100349,Electronics,Standard,8669.77,0.934,23.7,1,4.87,6.48,5.58,105.6
ORD-100773,Books,Standard,1534.74,2.089,151.0,3,1.22,5.43,4.88,16.57
ORD-100195,Electronics,Same_Day,32861.8,1.74,44.3,3,2.9,5.34,4.52,11.18
ORD-100102,Apparel,Standard,4969.07,1.089,153.6,6,5.76,7.04,3.26,22.16
ORD-100004,Electronics,Same_Day,30620.0,4.447,29.8,3,1.53,7.2,7.63,12.34
ORD-100619,Electronics,Standard,7428.43,1.297,324.9,2,5.1,7.43,4.89,25.31
ORD-101091,groceries,Standard,867.88,3.535,173.5,1,5.93,4.02,5.78,18.3
ORD-100052,Books,Standard,331.01,0.922,232.3,1,2.11,9.19,6.4,19.26
ORD-100263,Electronics,Express,4393.14,2.032,22.7,3,2.63,3.76,5.16,12.47
ORD-101106,Electronics,Express,10113.47,2.592,250.9,2,1.79,7.92,7.46,16.91
ORD-100443,Electronics,Standard,34703.9,2.564,333.1,7,2.01,5.78,5.75,25.1
ORD-101001,Home_Kitchen,Standard,3801.49,1.271,24.1,2,2.68,8.34,5.62,18.07
ORD-100782,Home_Kitchen,Standard,4981.29,2.633,1045.7,2,3.31,7.7,,36.31
ORD-100890,Apparel,Same_Day,2151.18,0.736,3.3,6,5.13,3.53,7.51,12.9
ORD-100691,Books,Standard,640.34,2.081,61.4,4,3.75,6.1,5.03,18.05
ORD-100304,Books,Standard,1326.04,6.672,349.5,8,,5.77,6.93,27.9
ORD-100341,Beauty,Express,359.23,0.291,183.8,2,0.36,1.75,4.62,8.64
ORD-100892,Apparel,Standard,1803.43,0.282,1295.6,3,3.52,8.02,5.54,33.57
ORD-100313,Apparel,Same_Day,445.28,0.802,28.5,2,3.52,7.72,8.82,12.31
ORD-100149,Electronics,Standard,30613.83,1.567,44.5,2,2.7,7.1,1.54,15.95
ORD-100124,Electronics,Standard,8387.11,4.587,380.9,7,2.67,4.61,1.0,22.53
ORD-101141,Books,Express,,0.346,314.5,1,1.11,5.76,7.02,13.39
ORD-100574,Books,Same_Day,520.35,3.702,40.1,5,5.12,7.57,10.0,14.13
ORD-100697,Home_Kitchen,Express,3048.29,3.692,50.1,4,3.17,4.11,4.23,10.28
ORD-100664,Apparel,Standard,,1.859,986.5,5,9.62,9.27,9.26,43.64
ORD-100050,Electronics,Standard,5534.08,1.625,33.9,5,3.01,7.68,8.37,20.79
ORD-100726,Apparel,Standard,2280.59,0.6,329.9,5,1.8,4.19,5.25,15.82
ORD-100799,Groceries,Standard,1185.41,7.152,845.9,3,2.17,7.89,7.16,29.64
ORD-100833,Groceries,Standard,768.42,11.874,39.6,8,5.57,7.56,8.67,23.6
ORD-100353, Home_Kitchen,Standard,,16.086,606.9,4,2.92,5.84,5.4,25.94
ORD-101166,Books,Standard,252.19,1.539,1238.3,2,0.98,2.95,4.19,28.55
ORD-100142,Beauty,Express,1456.54,0.438,154.8,4,5.49,6.96,6.83,15.5
ORD-100470,Apparel,Express,2016.86,0.67,9.4,2,1.31,5.17,4.75,7.51
ORD-100653,Apparel,Standard,1020.68,0.301,4.6,3,1.53,6.11,5.36,14.03
ORD-100399,Home_Kitchen,Express,4749.7,5.881,47.9,4,2.01,6.12,4.71,11.37
ORD-100924,Electronics,Express,7391.15,1.779,10.5,3,2.38,6.45,5.55,8.69
ORD-100942,Electronics,Same_Day,5706.41,0.513,44.8,2,3.45,5.64,6.65,9.96
ORD-100320,Beauty,Standard,1320.76,0.567,95.8,2,7.59,6.58,3.63,18.03
ORD-100019,Groceries,Standard,1768.32,5.479,29.8,4,1.13,2.55,4.94,12.1
ORD-100684,Groceries,Standard,1165.73,9.031,363.2,5,5.44,6.87,3.12,23.62
ORD-100035,Electronics,Standard,14102.03,4.632,1297.7,2,4.97,7.05,5.08,39.58
ORD-100824,Books,Standard,712.37,1.446,234.7,4,8.72,10.0,9.79,29.76
ORD-100505,Books,Standard,754.17,1.565,348.9,3,1.13,4.17,2.04,14.43
ORD-100827,Apparel,Express,2498.69,4.048,83.0,6,2.41,3.6,3.69,9.33
ORD-101084,Beauty,Express,777.02,0.275,45.4,2,0.72,5.13,1.0,6.57
ORD-100407,Books,Express,1258.88,1.666,40.0,4,3.04,6.22,4.04,10.72
ORD-100817,Home_Kitchen,Standard,3807.36,7.668,109.9,3,6.82,7.12,9.33,24.38
ORD-100866,Books,Standard,930.07,1.612,407.6,4,5.16,5.41,4.24,23.32
ORD-100537,Electronics,Express,6326.35,2.474,332.8,2,1.31,2.21,3.39,13.59
ORD-100758,Electronics,Standard,7009.51,1.688,256.2,2,2.94,5.34,5.54,20.98
ORD-101189,Groceries,Standard,968.29,4.985,48.8,4,2.06,4.3,8.06,17.2
ORD-100998,Beauty,Express,1483.3,0.504,35.5,3,1.92,4.62,4.04,9.71
ORD-100038,Apparel,Express,6196.03,0.371,10.6,5,2.24,4.99,4.87,9.54
ORD-100175,Electronics,Standard,11491.5,2.404,378.5,4,4.3,4.83,3.62,21.82
ORD-100245,Books,Same_Day,591.35,1.073,47.8,6,4.41,8.64,5.12,12.86
ORD-100810,electronics,Standard,15185.64,3.206,219.0,3,2.7,6.07,4.7,18.27
ORD-101098,Books,Same_Day,259.19,2.417,48.2,3,1.34,4.85,5.74,6.99
ORD-100991,Groceries,Standard,575.98,4.358,139.8,3,1.58,7.33,4.82,16.58
ORD-100784,Beauty,Standard,1393.02,0.483,1154.6,4,4.86,6.98,6.28,34.03
ORD-101199,Groceries,Express,3077.85,9.784,272.7,7,3.71,2.71,2.34,12.69
ORD-100489,Home_Kitchen,Express,2347.11,1.656,385.5,3,1.02,5.4,7.01,15.92
ORD-100154,Electronics,Express,4824.91,2.417,51.0,2,3.33,6.07,6.1,12.19
ORD-100638,Groceries,Standard,1189.13,7.696,160.5,5,3.76,6.23,5.89,21.45
ORD-100662,Electronics,Same_Day,31525.45,4.521,50.2,4,5.67,5.18,4.1,14.12
ORD-100853,Beauty,Standard,793.38,0.179,34.0,2,1.79,4.78,8.06,14.25
ORD-100287,Apparel,Same_Day,2791.0,0.505,15.4,4,5.32,6.79,4.36,10.4
ORD-100625,Apparel,Standard,3173.25,0.589,32.0,3,1.21,4.37,5.01,12.55
ORD-101140,Apparel,Express,1818.94,0.973,290.4,5,4.12,4.15,2.81,13.36
ORD-100685,Apparel,Standard,4242.92,2.019,263.2,7,2.89,4.57,,20.3
ORD-101030,Home_Kitchen,Standard,6205.88,3.843,12.3,4,2.18,5.93,3.82,17.34
ORD-100898,Electronics,Standard,12564.59,3.269,14.0,6,2.24,3.99,5.25,17.14
ORD-100569,Home_Kitchen,Standard,5010.06,21.086,25.1,4,1.96,5.51,5.32,16.67
ORD-101157,Electronics,standard,8822.0,0.618,408.9,4,3.37,5.04,8.24,26.83
ORD-100734,Electronics,Express,6676.12,2.195,26.7,2,1.58,7.2,2.19,10.3
ORD-100792,APPAREL ,Same_Day,842.92,0.725,29.2,3,3.22,6.54,4.69,9.38
ORD-100017,Electronics,Same_Day,6538.45,5.586,27.8,8,3.24,5.89,4.76,13.73
ORD-100127,Electronics,Standard,40091.76,1.942,328.7,3,4.27,7.85,6.09,25.27
ORD-100322,Apparel,Express,5266.16,0.898,15.0,3,6.75,4.95,4.2,12.69
ORD-100255,Groceries,Standard,2457.42,4.475,758.0,3,1.79,2.73,2.74,21.35
ORD-100971,Electronics,Standard,27459.04,1.929,65.9,3,4.48,5.38,3.96,19.76
ORD-101193,Beauty,Same_Day,473.68,0.244,26.0,1,2.91,4.67,5.89,7.82
ORD-100190,Beauty,Standard,964.21,1.284,7.4,3,4.09,8.22,8.49,20.18
ORD-100115,Books,Standard,2407.81,2.155,43.4,8,2.63,5.7,5.75,14.39
ORD-101187,Beauty,Same_Day,1549.78,0.5,6.1,5,3.56,5.33,3.41,8.64
ORD-100965,Home_Kitchen,Standard,2190.47,5.854,1390.4,4,2.61,6.89,6.17,42.33
ORD-100606,Books,Express,1378.96,2.423,680.0,4,3.47,3.0,5.71,23.01
ORD-100180,Books,standard,258.54,0.313,447.8,2,2.46,7.41,9.47,20.47
ORD-100301,Electronics,Standard,9249.36,7.612,1456.3,8,2.3,6.41,7.88,44.49
ORD-100496,Apparel,Standard,1478.12,2.383,33.6,5,3.71,3.69,6.54,16.43
ORD-100348,Home_Kitchen,Express,1293.5,0.283,178.4,2,3.35,6.25,5.68,16.2
ORD-101049,Apparel,EXPRESS,742.06,1.133,10.9,6,4.38,5.34,7.06,12.18
ORD-101080,Apparel,Same Day,2049.57,0.836,44.5,4,1.85,2.95,2.35,7.14
ORD-100744,Home_Kitchen,Standard,7344.82,0.772,1363.2,4,2.31,7.03,9.43,42.31
ORD-100044,Books,Standard,1303.33,1.382,1049.6,6,1.61,5.59,4.38,27.81
ORD-100984,Electronics,Standard,8139.95,1.478,239.1,1,5.23,6.58,5.92,25.56
ORD-100517,Groceries,Express,871.45,3.382,252.1,4,,7.38,5.36,13.49
ORD-100372,Apparel,standard,753.07,0.252,655.5,1,1.63,7.67,5.45,25.86
ORD-100045,Books,Express,314.88,1.514,32.3,2,1.61,7.01,3.53,8.01
ORD-100476,Apparel,Same_Day,2222.48,0.245,23.7,1,1.67,7.99,6.47,6.62
ORD-100157,Groceries,Standard,875.94,9.725,8.7,4,4.54,6.07,5.06,13.91
ORD-101060,Beauty,Express,4792.93,0.296,53.3,4,2.27,4.46,6.3,12.25
ORD-100171,Home_Kitchen,Standard,11227.12,2.691,365.6,4,3.39,4.24,6.45,25.96
ORD-100016,Home_Kitchen,Same_Day,3113.44,2.669,25.2,2,4.84,8.95,6.49,12.35
ORD-100511,Books,Express,794.45,2.758,8.2,4,2.73,5.33,7.76,10.25
ORD-100048,groceries,Same_Day,2212.7,6.515,40.5,9,3.47,7.19,7.06,8.61
ORD-100191,Apparel,Standard,4947.25,0.555,16.3,6,3.37,4.63,4.7,17.83
ORD-100546,APPAREL ,Standard,2523.07,2.282,32.1,7,4.72,8.63,,18.91
ORD-100515,Electronics,Standard,7651.87,7.81,16.1,4,3.46,5.72,5.61,18.05
ORD-101007,Apparel,Standard,681.0,0.53,8.4,3,2.71,3.11,6.19,12.6
ORD-100966,Beauty,Same_Day,1314.81,0.111,14.5,4,3.43,6.79,7.76,10.4
ORD-100828,Books,Standard,285.15,1.01,37.4,2,1.6,9.21,7.57,14.79
ORD-101013,Beauty,Same_Day,763.33,0.522,44.9,6,5.78,4.91,,12.44
ORD-100480,Apparel,Standard,2836.9,3.002,1458.4,13,7.1,9.42,6.81,44.45
ORD-101142,Books,Standard,1194.97,0.409,625.5,1,5.75,4.1,4.61,24.86
ORD-100283,APPAREL ,Same_Day,2555.91,0.825,31.0,3,3.27,7.35,5.39,8.67
ORD-101043,Groceries,Same_Day,742.7,3.798,4.7,1,4.96,4.84,5.34,8.94
ORD-100797,Electronics,Express,27497.8,4.378,42.5,6,4.84,6.89,6.8,17.99
ORD-100994,Beauty,Standard,2708.56,0.462,564.7,5,2.17,7.46,5.5,24.27
ORD-100225,Beauty,Express,3891.67,0.529,27.3,7,2.81,6.29,5.94,14.67
ORD-100026,Home_Kitchen,Standard,1504.74,0.65,36.4,1,6.25,8.06,5.58,22.68
ORD-100282,Apparel,Express,1523.13,-1.5,33.7,3,2.83,7.2,2.24,10.26
ORD-101163,Electronics,Express,11480.3,1.299,208.7,3,1.81,3.71,3.32,12.11
ORD-100437,Home_Kitchen,Standard,1582.69,7.347,988.5,3,3.23,5.91,6.1,33.0
ORD-101181,Electronics,EXPRESS,41808.02,8.991,198.6,5,2.3,7.29,4.5,14.99
ORD-100364,Groceries,Standard,1122.05,4.401,52.8,2,4.84,5.82,6.07,17.47
ORD-100229,Electronics,Standard,10040.24,1.858,1222.2,3,0.93,4.08,6.77,38.33
ORD-100037,Home_Kitchen,Express,4622.96,1.58,229.1,4,2.12,5.96,5.13,14.28
ORD-100669,Apparel,EXPRESS,532.18,0.67,17.7,6,2.34,6.02,6.21,12.55
ORD-100749,Books,Standard,407.86,1.554,41.2,3,1.03,4.01,1.68,12.4
ORD-101194,Books,Same_Day,1974.32,2.418,30.1,9,4.68,4.98,9.02,12.58
ORD-100374,Electronics,Standard,5961.94,1.405,418.7,4,2.11,6.09,5.09,22.66
ORD-100469,Home_Kitchen,Standard,2989.14,6.736,787.3,4,1.07,2.78,6.35,27.76
ORD-100882,Beauty,Standard,1497.66,0.295,1387.0,2,3.82,8.39,5.01,36.51
ORD-101096,Apparel,Standard,3323.19,1.291,75.4,8,3.71,7.58,2.76,18.27
ORD-101195,Electronics,Standard,6384.94,3.443,939.6,4,3.78,3.92,2.52,31.0
ORD-100687,Beauty,Standard,3947.63,1.667,211.4,9,5.12,3.28,8.4,22.85
ORD-100032,Apparel,Standard,3640.79,0.823,343.9,6,3.38,5.9,3.69,19.23
ORD-100639,Books,Standard,375.75,0.606,533.1,2,3.34,7.94,6.27,25.61
ORD-101052,Apparel,Standard,2166.29,1.193,472.4,4,4.48,6.28,4.89,26.29
ORD-100194,Electronics,Standard,8119.19,2.287,1067.8,2,0.86,5.72,3.02,31.29
ORD-101119,Books,Same Day,2480.71,3.688,25.7,9,5.22,5.86,6.76,13.49
ORD-101127,Groceries,Standard,761.78,2.117,64.0,1,2.83,5.27,5.48,13.39
ORD-100980,Beauty,Standard,798.42,0.663,915.3,2,4.53,1.0,2.55,28.28
ORD-100503,Home_Kitchen,Express,2269.42,1.556,129.2,2,1.86,3.95,3.93,8.92
ORD-100915,Beauty,Standard,2335.23,1.044,36.1,7,5.22,5.25,3.85,17.49
ORD-101006,Beauty,Standard,3000.53,1.179,942.2,7,1.53,2.8,5.22,30.62
ORD-101197,Groceries,EXPRESS,761.69,1.55,293.1,3,4.05,8.75,3.89,15.93
ORD-101101,Apparel,Same_Day,1562.49,0.521,51.2,2,4.59,5.45,6.02,10.81
ORD-100800,Groceries,Standard,541.39,4.182,258.2,2,5.35,6.84,3.84,18.67
ORD-100579,Apparel,Express,7455.06,1.254,159.3,7,3.75,9.05,6.79,17.59
ORD-100160,Electronics,Same_Day,10436.49,0.847,30.1,4,3.27,7.97,5.69,13.11
ORD-100680,Electronics,Standard,4481.17,2.752,408.6,5,4.28,5.43,4.89,24.92
ORD-100956,Groceries,Standard,2086.81,6.16,296.7,5,3.39,6.27,5.07,19.99
ORD-101144,Apparel,Standard,1170.54,0.982,435.9,3,4.78,5.7,7.18,25.46
ORD-100162,Apparel,Same_Day,4501.07,1.443,27.5,2,3.12,3.94,5.6,8.76
ORD-100821,Home_Kitchen,Express,5081.15,9.972,31.3,5,1.98,5.89,3.02,11.0
ORD-100705,Home_Kitchen,Standard,4431.72,12.653,47.4,7,3.5,6.63,5.09,20.49
ORD-101031,Groceries,Express,1232.8,2.148,289.8,4,2.29,3.12,4.15,10.17
ORD-100877,Apparel,Same_Day,1869.58,0.626,15.1,4,1.85,4.34,6.27,8.15
ORD-100895,Books,Standard,591.01,1.553,819.0,3,2.79,8.76,2.35,29.62
ORD-100913,Beauty,Standard,654.81,0.824,41.7,3,6.42,9.14,4.12,17.26
ORD-100849,Beauty,Same_Day,2302.64,0.866,4.9,4,2.18,9.42,8.7,10.95
ORD-100152,Electronics,Express,11907.38,15.693,41.8,6,3.27,3.94,6.49,14.72
ORD-101008,Groceries,Express,773.41,2.753,246.5,4,3.01,7.75,4.63,16.35
ORD-101160,Electronics,Express,8519.56,2.542,22.0,2,1.58,3.27,6.87,12.18
ORD-100509,Electronics,Standard,100716.3,7.205,26.7,5,3.79,7.64,4.65,19.34
ORD-100111,APPAREL ,Standard,1541.1,1.473,310.3,2,0.91,2.96,4.81,15.09
ORD-100226,Electronics,Express,11370.36,8.825,120.3,7,2.45,2.1,3.93,14.97
ORD-101015,Electronics,Standard,7834.39,1.659,563.7,3,3.5,5.18,8.39,27.52
ORD-100851,Electronics,Standard,9572.94,6.689,32.1,4,0.98,5.42,2.42,13.61
ORD-100103,Beauty,Standard,3148.38,0.99,8.7,5,2.21,6.31,6.9,16.74
ORD-100421,Electronics,Standard,3235.05,3.583,9.5,3,1.33,5.62,7.72,16.8
ORD-100419,Beauty,Standard,952.05,0.553,429.7,5,2.32,3.43,4.65,20.4
ORD-100967,Electronics,Express,2728.16,19.509,39.5,5,3.79,9.06,6.77,17.72
ORD-100624,Beauty,Same_Day,1446.18,0.989,9.7,4,4.3,8.12,2.67,8.44
ORD-100586,Electronics,Standard,10922.08,3.777,7.7,2,1.83,8.29,5.06,15.4
ORD-101074,Books,Same_Day,199.0,1.591,28.4,2,2.71,5.27,2.47,5.36
ORD-100919,Home_Kitchen,Standard,6901.8,7.31,400.6,5,2.07,7.11,,21.88
ORD-100672,Beauty,EXPRESS,1033.95,0.633,299.4,3,5.01,7.52,7.02,17.4
ORD-100119,Groceries,Standard,836.09,4.107,1030.4,2,2.7,2.62,4.2,26.99
ORD-100053,Groceries,EXPRESS,2538.15,11.963,207.4,6,4.43,8.26,8.98,16.83
ORD-100151,Books,Standard,969.38,1.145,289.9,3,2.71,4.84,4.33,18.98
ORD-100403,Electronics,Express,22417.62,2.585,141.9,3,2.33,7.52,7.68,17.16
ORD-100439,Groceries,Express,896.6,3.419,25.8,3,5.96,6.88,5.88,12.14
ORD-100207,Groceries,Express,1637.66,3.02,47.9,2,3.1,4.24,3.92,8.56
ORD-101148,Home_Kitchen,Standard,5376.97,1.12,2.4,3,2.43,4.7,3.85,15.38
ORD-100658,Home_Kitchen,Standard,3992.07,3.536,296.3,7,6.24,5.7,3.26,23.06
ORD-101110,Electronics,Express,15960.46,2.073,3.5,2,3.27,6.99,6.44,14.51
ORD-100232,Beauty,Express,1013.59,0.134,69.5,3,2.06,9.23,5.81,12.74
ORD-100008,Electronics,Express,9534.38,-1.5,10.3,3,1.03,3.9,5.53,9.82
ORD-100159,Groceries,Standard,430.87,3.305,13.8,2,3.28,6.23,7.28,17.75
ORD-100036,Electronics,Standard,2577.4,0.808,77.4,4,9.15,7.66,10.0,27.14
ORD-100452,Groceries,Express,3872.14,8.174,27.7,6,1.89,5.45,2.75,8.14
ORD-100651,Books,Standard,641.25,2.851,970.3,5,2.97,5.02,6.18,27.61
ORD-100253,Apparel,Standard,555.66,0.562,48.6,1,5.96,5.79,3.51,16.01
ORD-100303,Home_Kitchen,Standard,1241.53,8.676,121.8,3,1.29,4.63,3.83,18.51
ORD-100896,Apparel,Express,2970.38,0.428,34.9,3,1.22,2.73,2.71,7.29
ORD-101062,Apparel,Express,793.58,0.857,325.3,5,1.38,1.0,4.6,13.18
ORD-100880,Apparel,Standard,2487.55,0.979,15.3,6,2.62,1.0,1.77,12.39
ORD-100571,Books,Standard,1375.93,1.693,62.2,4,6.27,5.54,4.71,18.93
ORD-101011,Home_Kitchen,Same_Day,1370.7,2.194,13.9,2,1.42,3.71,4.8,7.53
ORD-101146,Groceries,Express,1755.5,8.922,6.6,5,3.24,8.31,9.95,12.13
ORD-100623,Home_Kitchen,Standard,5207.45,10.181,27.8,6,1.64,5.74,3.76,16.13
ORD-100345,Books,Standard,1616.13,1.42,427.4,5,2.84,6.15,4.42,22.85
ORD-100820,Electronics,Standard,12749.36,19.468,1106.8,11,11.48,5.53,4.11,41.07
ORD-100262,Apparel,Express,7178.68,,98.7,10,5.23,4.06,4.0,15.59
ORD-100150,Books,Standard,461.43,0.692,28.1,2,6.69,3.59,5.89,19.41
ORD-100472,electronics,Standard,10487.22,6.018,188.4,10,2.93,6.31,5.85,21.89
ORD-100640,Groceries,Standard,729.22,10.94,64.1,5,2.19,6.55,7.41,19.48
ORD-100058,Electronics,Standard,9094.42,2.635,1433.6,4,5.46,9.65,5.4,43.53
ORD-101143,Books,Express,675.47,1.326,2.1,6,5.17,7.57,6.64,14.61
ORD-100550,Home_Kitchen,Standard,8935.9,1.071,-12.0,5,6.16,5.64,8.29,21.26
ORD-100928,Home_Kitchen,Standard,1578.42,10.184,13.2,5,1.79,5.18,4.16,15.15
ORD-100488,Home_Kitchen,Standard,2688.65,7.31,416.1,5,2.97,6.88,6.77,26.26
ORD-101094,Home_Kitchen,Express,1082.85,9.5,160.7,1,2.8,6.26,5.05,13.28
ORD-100146,Apparel,Standard,4744.51,0.513,218.1,4,3.41,5.51,8.42,23.13
ORD-100402,Books,Standard,415.38,1.362,1458.1,2,3.83,6.28,6.9,39.21
ORD-100954,Beauty,Express,2739.7,0.344,32.4,5,1.31,3.35,2.33,6.7
ORD-101138,Electronics,Standard,20490.68,2.929,468.2,7,4.2,8.76,7.58,31.31
ORD-100659,Apparel,Same_Day,1633.62,2.744,56.6,6,2.47,5.55,4.76,7.25
ORD-100463,Apparel,Standard,1767.68,0.855,363.7,3,2.18,6.5,2.98,19.63
ORD-100186,Apparel,Express,483.49,0.25,10.8,1,5.7,6.82,9.73,15.58
ORD-100608,Groceries,Standard,851.64,6.461,60.9,3,4.55,5.47,4.72,16.73
ORD-100143,Home_Kitchen,Express,1112.94,3.455,184.1,2,3.67,7.57,6.33,16.45
ORD-100751,Apparel,Standard,1756.09,0.497,62.6,2,2.3,8.24,4.9,13.35
ORD-100981,Books,Standard,1507.55,4.158,537.0,4,5.03,9.33,5.41,27.28
ORD-100197,Books,Standard,313.0,0.349,1214.1,1,4.76,6.43,6.79,35.05
ORD-100883,Home_Kitchen,Standard,2314.42,1.442,187.6,5,2.45,7.76,9.22,21.19
ORD-100279,Books,Standard,787.14,2.626,935.6,3,3.39,7.63,3.91,29.92
ORD-100293,Electronics,Same Day,23457.9,1.242,5.6,3,2.3,6.84,6.53,11.99
ORD-101102,Books,Express,1603.36,1.643,30.3,5,4.36,8.94,8.28,15.02
ORD-100400,Apparel,Standard,,0.683,22.7,2,4.56,6.76,8.91,18.13
ORD-100122,Electronics,Same_Day,33275.5,3.259,3.9,4,1.96,5.22,5.96,10.34
ORD-100202,Home_Kitchen,Standard,3290.77,10.716,41.9,4,2.1,3.75,5.54,16.15
ORD-100835,Home_Kitchen,Same_Day,1765.69,4.824,28.0,2,2.48,5.74,5.52,8.38
ORD-100246,Home_Kitchen,Standard,2501.51,1.841,368.0,4,4.06,1.8,3.9,21.58
ORD-101153,Electronics,standard,30528.49,4.439,34.1,3,1.21,4.92,3.89,14.95
ORD-100384,Apparel,Express,5675.32,3.229,615.4,9,3.48,7.26,7.82,23.5
ORD-100854,Apparel,Express,331.23,0.439,43.4,3,0.57,3.28,3.68,7.42
ORD-100219,APPAREL ,Standard,2970.04,0.331,48.9,3,3.83,8.14,8.03,19.35
ORD-100641,Books,Express,625.67,0.839,106.3,3,1.81,6.88,8.08,13.54
ORD-100001,Apparel,Express,2504.42,3.4,340.0,11,3.32,6.46,4.73,17.95
ORD-100112,Apparel,Standard,1423.07,0.956,191.6,2,4.23,4.29,5.51,19.46
ORD-100698,Groceries,Standard,1771.34,2.025,1153.0,5,2.4,7.67,9.44,36.13
ORD-100951,Apparel,Same_Day,1775.35,0.87,3.7,3,2.46,4.18,3.17,5.15
ORD-101092,APPAREL ,Standard,1552.43,1.458,1284.0,3,3.93,3.76,4.75,31.76
ORD-100441,Electronics,Standard,12562.05,1.587,56.1,3,1.89,6.82,6.72,16.35
ORD-100663,Electronics,Same_Day,5846.81,0.514,8.1,2,2.48,8.5,6.41,11.06
ORD-101109,electronics,Same_Day,14747.94,2.196,32.4,3,2.03,6.68,5.01,9.98
ORD-100317,Groceries,Express,1602.72,5.032,43.2,4,1.17,4.52,,7.37
ORD-100648,Groceries,Standard,1451.63,3.918,341.5,6,2.11,4.39,5.74,17.58
ORD-100709,Home_Kitchen,Express,1179.04,1.533,52.3,3,3.18,10.0,4.99,13.76
ORD-100972,Electronics,Standard,9566.36,2.069,29.8,2,4.58,5.18,3.4,18.8
ORD-100627,Electronics,Standard,10915.25,5.87,17.6,4,1.45,6.37,4.98,16.2
ORD-100632,Electronics,Express,15072.95,2.697,20.7,6,3.86,7.23,8.45,13.37
ORD-101185,Books,Standard,642.5,0.75,429.3,2,7.61,10.0,4.28,27.7
ORD-101120,Groceries,Standard,853.07,3.182,699.9,2,0.86,4.89,3.7,20.58
ORD-100795,Apparel,Standard,387.31,0.326,123.9,1,1.89,7.01,7.86,17.0
ORD-100645,Books,Standard,1064.35,1.714,241.2,4,6.0,6.65,7.45,22.93
ORD-101012,Home_Kitchen,Same_Day,5949.39,3.347,45.7,4,3.09,6.17,4.56,10.07
ORD-100556,Apparel,Express,721.72,0.506,131.3,2,0.3,3.6,2.96,7.65
ORD-100681,Apparel,Standard,5408.06,0.767,1041.0,3,3.0,7.64,5.86,32.28
ORD-100577,Home_Kitchen,Express,3002.32,11.368,21.5,6,1.91,4.71,4.14,11.12
ORD-100524,Electronics,Standard,5334.34,6.24,318.0,3,7.24,5.09,5.28,25.03
ORD-101059,groceries,Standard,1288.41,6.198,43.8,3,2.79,1.0,2.58,11.86
ORD-100540,Beauty,Express,4459.71,1.693,21.3,5,2.79,6.13,4.97,11.9
ORD-100748,Books,Express,1529.55,1.747,431.1,4,4.2,2.89,4.98,17.28
ORD-101120,Groceries,Standard,853.07,3.182,699.9,2,0.86,4.89,3.7,20.58
ORD-100484,Electronics,standard,2266.8,1.769,176.1,3,2.09,2.94,4.2,17.5
ORD-100095,Groceries,standard,4051.3,6.992,26.2,6,2.58,5.52,4.64,13.66
ORD-101020,Books,Standard,,0.928,377.4,1,2.26,4.31,3.66,16.25
ORD-100563,groceries,Standard,1358.42,1.702,129.6,3,1.29,4.78,5.06,15.91
ORD-100742,Books,standard,1026.78,0.949,215.9,4,1.77,6.68,8.95,19.83
ORD-100863,Home_Kitchen,Standard,3387.96,1.851,730.3,9,4.41,6.44,5.0,32.11
ORD-100891,Beauty,Standard,1059.09,0.302,1329.3,3,5.61,5.69,7.1,37.55
ORD-101038,Home_Kitchen,Standard,9664.5,4.336,424.6,3,6.16,5.64,2.3,27.44
ORD-100206,Electronics,Standard,15610.39,,-12.0,5,4.93,6.45,8.04,20.35
ORD-100392,Home_Kitchen,Standard,15494.35,5.435,31.5,4,2.99,7.02,6.04,19.49
ORD-100794,Electronics,Express,6296.97,4.255,225.1,3,1.77,3.39,5.45,11.92
ORD-100870,Groceries,Standard,807.51,3.965,1350.3,2,2.55,5.53,5.49,32.92
ORD-100397,Apparel,Standard,2248.08,1.037,1113.1,5,1.51,3.78,4.02,31.05
ORD-100766,Electronics,Standard,60876.18,2.081,31.1,8,3.92,5.82,4.96,21.55
ORD-101113,Beauty,Standard,1220.33,0.391,408.5,2,5.28,5.89,7.07,27.17
ORD-101028,Groceries,Express,2216.04,2.844,398.0,4,1.86,6.41,7.62,14.03
ORD-100642,Electronics,Express,6829.09,1.176,7.8,2,1.63,3.47,6.03,11.49
ORD-100612,Beauty,Express,892.65,1.505,851.9,6,3.68,3.49,5.51,24.71
ORD-100960,Home_Kitchen,Express,9123.61,17.779,68.9,7,7.65,7.2,7.61,21.62
ORD-100725,Electronics,Standard,2033.54,3.329,7.4,2,2.72,8.29,7.08,17.4
ORD-100683,Home_Kitchen,Standard,2707.69,,673.8,3,5.61,9.23,5.89,32.15
ORD-100098,Electronics,Standard,4013.69,0.881,420.3,3,3.87,6.08,2.94,25.5
ORD-100804,Electronics,Express,12953.23,1.49,476.8,3,1.92,3.78,2.97,16.95
ORD-100406,Apparel,Standard,3615.55,,765.8,5,2.21,1.21,2.14,21.48
ORD-100502,Beauty,Standard,451.46,1.272,37.9,4,2.9,6.34,6.76,17.88
ORD-101071,Home_Kitchen,Standard,10953.53,2.783,49.4,4,5.13,4.99,4.13,19.8
ORD-101056,Beauty,Standard,3160.34,0.715,21.1,5,6.48,3.68,1.0,14.07
ORD-100929,Groceries,Express,1675.8,8.737,356.9,7,5.07,4.63,4.35,16.04
ORD-100779,Books,Standard,478.51,0.501,420.3,2,8.22,6.17,5.08,25.62
ORD-100200,Groceries,Standard,696.01,2.449,1194.0,2,2.38,6.14,2.35,28.4
ORD-100134,Home_Kitchen,Standard,3292.96,3.642,334.9,2,2.18,5.92,7.43,22.49
ORD-101051,Electronics,Express,8941.11,8.307,127.3,4,1.66,7.15,5.51,14.56
ORD-100040,Apparel,Standard,4306.38,0.968,205.7,8,4.68,5.13,3.56,20.23
ORD-101017,Books,Express,227.8,1.996,66.9,2,3.47,8.63,6.56,13.95
ORD-100230,Electronics,Express,27774.81,2.014,576.1,6,4.34,5.43,5.95,23.87
ORD-100378,Apparel,standard,4573.46,0.491,1465.3,2,2.69,5.42,3.68,34.8
ORD-100288,Home_Kitchen,Express,29766.13,3.743,438.8,6,3.85,6.8,3.09,17.67
ORD-100418,Electronics,Standard,8158.78,3.166,22.5,2,3.21,5.37,5.75,18.74
ORD-100391,Electronics,Express,11093.67,0.887,39.4,2,4.81,5.32,4.98,15.19
ORD-100592,Apparel,Standard,1313.63,1.189,323.5,3,3.66,6.34,3.34,20.08
ORD-101086,Groceries,Standard,1174.12,7.997,1404.1,3,2.76,6.65,7.66,38.99
ORD-100647,Home_Kitchen,Standard,5340.23,4.505,43.6,4,5.39,3.31,4.36,17.82
ORD-100520,Books,EXPRESS,683.52,1.403,478.1,4,5.46,6.02,5.05,21.02
ORD-100064,Groceries,Same_Day,840.54,4.764,58.4,5,2.03,5.71,5.04,8.1
ORD-100014,Home_Kitchen,Standard,1340.64,2.79,307.2,4,5.95,6.06,6.01,25.54
ORD-101064,Apparel,Express,1661.37,0.973,86.0,5,1.32,2.89,6.42,9.31
ORD-100492,Groceries,Standard,587.37,4.154,151.1,2,6.22,7.7,4.17,22.15
ORD-100379,Groceries,Standard,620.54,2.769,506.3,2,1.19,6.18,7.33,23.49
ORD-100187,Electronics,Standard,12352.64,4.574,644.1,4,2.84,5.85,8.07,28.56
ORD-100763,Electronics,Same_Day,8764.05,3.604,36.8,4,7.57,6.24,4.85,14.22
ORD-100216,Electronics,Standard,7794.33,3.748,976.8,4,1.25,6.56,6.45,32.46
ORD-100791,Apparel,Express,1882.67,0.746,35.4,5,3.57,9.08,7.97,14.23
ORD-101076, Home_Kitchen,Standard,5695.26,27.038,76.6,5,2.27,4.71,3.96,17.05
ORD-100878,Home_Kitchen,Same_Day,8162.25,6.163,20.4,4,2.09,6.28,9.53,11.86
ORD-100337,Groceries,Standard,2037.89,2.806,25.5,3,1.78,4.98,5.14,13.79
ORD-100719,Beauty,Express,2526.8,0.444,23.5,7,2.66,4.77,3.44,8.64
ORD-100295,Beauty,Express,992.62,0.186,211.6,2,1.91,8.78,8.25,16.44
ORD-101016,groceries,Standard,515.01,1.442,109.2,1,0.43,2.92,5.66,12.93
ORD-100455,Electronics,Standard,8765.94,3.808,346.5,4,2.91,5.01,1.74,18.91
ORD-100815,Books,Standard,1272.79,1.964,49.0,5,2.22,2.98,3.83,15.54
ORD-100269,Electronics,Standard,4476.52,0.662,11.5,1,0.76,5.37,3.26,13.79
ORD-100995,Apparel,Same_Day,622.81,0.248,15.0,1,3.21,6.14,6.28,9.58
ORD-100201,Beauty,Same_Day,1321.56,0.902,38.0,5,5.3,2.39,5.8,10.86
ORD-100161,Beauty,Express,3491.53,0.871,22.1,3,1.72,6.5,2.98,9.53
ORD-100729,Home_Kitchen,Standard,1550.25,1.476,43.8,2,6.29,6.62,5.77,20.71
ORD-100401,Beauty,Standard,3822.25,1.006,45.9,3,4.62,5.97,4.15,20.02
ORD-100702,Electronics,Standard,6627.2,4.617,384.8,5,2.44,6.89,7.0,22.71
ORD-101129,Beauty,Express,255.84,1.027,5.4,1,6.95,6.28,5.56,12.96
ORD-100565,Groceries,Express,1133.89,5.303,28.3,5,1.28,3.51,3.63,5.65
ORD-101021,Groceries,Standard,1998.39,12.74,261.6,7,3.82,7.6,3.44,22.57
ORD-101025,Apparel,Express,1008.01,,127.4,3,2.01,6.29,6.56,12.93
ORD-101104,Electronics,standard,11666.99,9.791,7.8,4,6.33,6.62,7.57,23.06
ORD-100205,Apparel,Standard,817.78,0.527,896.7,2,3.72,9.26,6.14,29.35
ORD-100034,Home_Kitchen,Standard,1076.41,1.608,24.2,1,4.63,5.46,5.9,19.46
ORD-100775,Books,Express,2719.95,2.247,23.2,7,3.81,5.72,4.85,11.09
ORD-100508,Home_Kitchen,standard,10000.28,2.368,1337.9,4,4.0,6.26,4.57,36.94
ORD-101198,Apparel,Express,487.25,0.567,214.8,1,4.95,6.02,6.95,16.86
ORD-100091,Groceries,Express,1460.36,14.716,54.6,10,4.72,5.08,7.14,13.71
ORD-100897,Apparel,Express,870.7,1.658,126.0,3,4.51,6.37,8.2,13.16
ORD-100564,Groceries,Standard,,12.483,38.9,11,6.4,8.69,9.17,20.85
ORD-100776, Home_Kitchen,Same_Day,1605.4,6.295,46.2,5,4.01,5.33,9.65,14.02
ORD-100241,Books,Standard,797.7,2.687,72.4,5,2.51,5.78,4.99,15.97
ORD-100013,Books,Same Day,601.26,4.579,47.0,6,7.5,6.97,9.82,17.63
ORD-100315,Apparel,Standard,4251.31,0.726,330.3,4,3.4,5.17,4.87,20.43
ORD-100600,Home_Kitchen,Same Day,3952.9,1.009,37.9,1,0.3,4.48,5.27,5.19
ORD-100387,Beauty,Same_Day,751.13,0.272,2.1,2,3.55,4.84,4.28,6.76
ORD-100166,Books,Standard,559.02,0.454,1401.6,1,1.41,4.06,5.52,31.56
ORD-100840,Electronics,Standard,6394.66,6.956,939.8,5,1.23,3.4,4.29,26.15
ORD-100020,Groceries,Express,795.75,3.368,4.3,2,2.71,6.8,4.91,8.96
ORD-100646,Electronics,Standard,19677.1,4.256,88.0,4,4.66,6.44,,21.43
ORD-101154,Home_Kitchen,Standard,3471.3,1.382,1309.9,2,1.46,4.74,4.11,35.06
ORD-100831,Home_Kitchen,Express,5954.73,4.232,29.8,6,2.1,3.08,1.84,8.35
ORD-100562,Books,Standard,756.23,-1.5,33.1,4,4.29,4.95,3.86,15.74
ORD-101196,Apparel,Standard,2920.16,1.378,-12.0,10,9.1,4.17,2.29,28.3
ORD-100686,Apparel,Same_Day,4739.44,0.409,49.7,3,4.58,10.0,6.18,13.1
ORD-100957,Home_Kitchen,Standard,12004.59,6.173,1202.1,4,4.56,5.47,5.71,38.8
ORD-100189,Apparel,Express,399.82,0.218,648.0,2,3.04,7.02,3.71,20.61
ORD-100975, Home_Kitchen,standard,57474.55,12.82,251.2,15,12.66,7.16,9.17,37.43
ORD-100699,Apparel,Standard,1288.98,1.027,148.1,6,2.8,6.98,6.86,18.35
ORD-100510,Electronics,Standard,20472.22,6.985,21.1,4,2.71,8.69,5.57,18.54
ORD-101082,Beauty,Standard,241.92,0.663,910.8,2,2.81,5.82,3.16,29.36
ORD-100474,Apparel,Standard,1785.9,0.246,5.5,3,3.14,6.1,6.63,16.02
ORD-100856,Groceries,Same_Day,1468.53,3.513,25.4,2,0.55,5.01,3.68,2.81
ORD-100747,Apparel,Standard,407.86,0.382,43.2,1,5.97,7.74,3.7,18.63
ORD-100252,Home_Kitchen,Standard,4067.5,5.867,41.1,1,1.29,5.51,5.63,16.96
ORD-100021,Apparel,Same_Day,550.84,0.39,48.2,1,0.69,3.26,2.37,3.27
ORD-100459,Groceries,Express,1027.8,12.994,588.8,4,0.82,4.5,4.56,15.21
ORD-101184,Electronics,Same_Day,11168.64,2.043,25.2,4,0.92,2.65,7.83,8.17
ORD-100276,Apparel,Standard,1762.57,1.522,33.3,4,5.96,5.55,4.22,17.83
ORD-100955,Books,Express,1201.42,0.91,339.3,3,2.66,5.55,7.29,17.21
ORD-100385,Beauty,standard,1790.41,0.256,37.7,4,3.82,7.38,3.73,17.19
ORD-100805,Electronics,Standard,2591.35,2.308,360.6,2,3.13,7.58,4.3,18.98
ORD-100343,Home_Kitchen,Standard,6414.48,8.683,24.9,6,1.7,5.54,7.47,17.6
ORD-100769,Groceries,Express,853.92,5.605,4.9,3,3.74,6.21,3.6,8.96
ORD-100130,Electronics,Standard,8225.09,0.98,134.8,3,1.88,4.53,3.27,13.97
ORD-100871,Electronics,Standard,13337.84,8.432,1117.0,6,8.92,7.33,5.87,39.49
ORD-101123,Electronics,Standard,11339.92,2.562,325.0,3,4.43,2.61,2.87,22.35
ORD-100087,Home_Kitchen,Standard,2053.77,2.935,31.9,4,3.13,5.9,5.13,16.06
ORD-100330,Groceries,Standard,771.63,4.3,359.6,3,0.95,4.26,3.38,17.84
ORD-100466,Groceries,Express,1897.0,6.23,125.0,4,2.1,5.19,5.75,10.72
ORD-100121,Groceries,Express,1503.46,10.056,59.2,4,9.5,7.01,5.45,16.76
ORD-101044,Electronics,Standard,3158.99,0.765,506.7,1,2.79,7.6,3.13,21.99
ORD-101095,Apparel,Express,3290.61,1.295,53.2,4,2.8,4.69,5.51,13.61
ORD-101130,Beauty,Express,3441.93,0.653,178.4,9,5.92,8.56,5.53,17.24
ORD-100860,Groceries,Standard,745.22,8.878,12.9,5,2.23,4.43,1.94,10.95
ORD-101126,Home_Kitchen,Standard,1833.93,4.93,571.5,6,2.15,5.12,4.59,27.16
